filename,SCC_ground_truth,illumination_label,baseline_pred,baseline_undertone,hv_forehead,hv_left_cheek,hv_right_cheek,hv_jawline,hv_nose_bridge,hv_full_face,hv_majority_undertone
MST-1/104_Brazilian Faces104-01_face_1.jpg,1,Medium,1,Neutral,2,2,1,2,2,2,Neutral
MST-1/104_Brazilian Faces104-02_face_1.jpg,1,Low,1,Warm,2,2,2,2,1,1,Neutral
MST-1/104_Brazilian Faces104-03_face_1.jpg,1,Low,1,Warm,1,1,2,2,1,1,Neutral
MST-1/104_Brazilian Faces104-04_face_1.jpg,1,Low,1,Warm,2,1,2,2,1,1,Neutral
MST-1/104_Brazilian Faces104-05_face_1.jpg,1,Low,1,Warm,1,1,2,2,1,1,Neutral
MST-1/104_Brazilian Faces104-06_face_1.jpg,1,Low,1,Warm,2,1,2,2,1,1,Neutral
MST-1/104_Brazilian Faces104-07_face_1.jpg,1,Low,1,Warm,1,2,1,2,2,1,Neutral
MST-1/104_Brazilian Faces104-08_face_1.jpg,1,Low,1,Warm,1,2,2,2,1,1,Neutral
MST-1/104_Brazilian Faces104-09_face_1.jpg,1,Low,1,Warm,2,2,2,2,2,1,Warm
MST-1/104_Brazilian Faces104-10_face_1.jpg,1,Medium,1,Neutral,2,1,2,2,2,1,Cool
MST-1/104_Brazilian Faces104-11_face_1.jpg,1,Low,1,Warm,2,2,2,2,1,1,Neutral
MST-1/104_Brazilian Faces104-12_face_1.jpg,1,Low,1,Warm,1,2,2,2,3,1,Neutral
MST-1/104_Brazilian Faces104-13_face_1.jpg,1,Low,1,Warm,1,1,2,2,3,1,Cool
MST-1/104_Brazilian Faces104-14_face_1.jpg,1,Low,2,Warm,2,2,2,2,6,2,Cool
MST-1/Adrien_Brody_LFWAdrien_Brody_0001_face_1.jpg,1,Low,2,Warm,3,1,1,2,2,2,Warm
MST-1/Adrien_Brody_LFWAdrien_Brody_0002_face_1.jpg,1,Low,1,Warm,1,1,1,1,2,1,Cool
MST-1/Adrien_Brody_LFWAdrien_Brody_0003_face_1.jpg,1,Medium,2,Warm,2,2,1,2,3,2,Warm
MST-1/Adrien_Brody_LFWAdrien_Brody_0004_face_1.jpg,1,Low,2,Warm,2,2,1,2,2,2,Warm
MST-1/Adrien_Brody_LFWAdrien_Brody_0005_face_1.jpg,1,Low,2,Warm,2,1,3,2,2,2,Warm
MST-1/Adrien_Brody_LFWAdrien_Brody_0006_face_1.jpg,1,Medium,2,Warm,2,2,1,1,3,1,Neutral
MST-1/Adrien_Brody_LFWAdrien_Brody_0007_face_1.jpg,1,Low,1,Warm,1,1,1,1,2,1,Cool
MST-1/Adrien_Brody_LFWAdrien_Brody_0008_face_1.jpg,1,Medium,2,Warm,2,1,1,2,2,2,Neutral
MST-1/Adrien_Brody_LFWAdrien_Brody_0009_face_1.jpg,1,Medium,2,Warm,3,2,1,2,3,2,Cool
MST-1/Adrien_Brody_LFWAdrien_Brody_0010_face_1.jpg,1,Medium,1,Warm,1,3,1,2,2,1,Cool
MST-1/Adrien_Brody_LFWAdrien_Brody_0011_face_1.jpg,1,Medium,1,Warm,2,1,1,2,2,1,Cool
MST-1/Adrien_Brody_LFWAdrien_Brody_0012_face_1.jpg,1,Medium,1,Cool,1,1,1,1,2,1,Warm
MST-1/dakram_Faces 94dakram.10_face_1.jpg,1,Medium,1,Cool,2,1,1,1,1,1,Warm
MST-1/dakram_Faces 94dakram.11_face_1.jpg,1,Medium,1,Cool,1,1,1,1,1,1,Warm
MST-1/dakram_Faces 94dakram.12_face_1.jpg,1,Medium,1,Cool,1,1,1,1,1,1,Warm
MST-1/dakram_Faces 94dakram.13_face_1.jpg,1,Medium,1,Cool,1,1,1,1,1,1,Warm
MST-1/dakram_Faces 94dakram.14_face_1.jpg,1,Medium,1,Cool,1,1,1,1,1,2,Warm
MST-1/dakram_Faces 94dakram.15_face_1.jpg,1,Medium,2,Cool,1,1,1,1,1,1,Warm
MST-1/dakram_Faces 94dakram.16_face_1.jpg,1,Medium,2,Cool,2,1,1,1,1,2,Warm
MST-1/dakram_Faces 94dakram.17_face_1.jpg,1,Medium,1,Cool,2,1,1,1,2,1,Warm
MST-1/dakram_Faces 94dakram.18_face_1.jpg,1,Medium,1,Cool,1,6,1,1,1,1,Warm
MST-1/dakram_Faces 94dakram.19_face_1.jpg,1,Medium,2,Cool,2,1,1,1,1,1,Warm
MST-1/dakram_Faces 94dakram.1_face_1.jpg,1,Medium,1,Cool,1,2,1,1,1,1,Warm
MST-1/dakram_Faces 94dakram.20_face_1.jpg,1,Medium,2,Cool,2,1,1,1,2,1,Warm
MST-1/dakram_Faces 94dakram.2_face_1.jpg,1,Medium,1,Cool,2,1,1,1,1,1,Warm
MST-1/dakram_Faces 94dakram.3_face_1.jpg,1,Medium,2,Cool,2,2,2,1,2,1,Warm
MST-1/dakram_Faces 94dakram.4_face_1.jpg,1,Medium,1,Cool,2,1,1,1,1,1,Warm
MST-1/dakram_Faces 94dakram.5_face_1.jpg,1,Medium,1,Cool,2,1,1,1,1,1,Warm
MST-1/dakram_Faces 94dakram.6_face_1.jpg,1,Medium,1,Cool,2,1,1,1,1,1,Warm
MST-1/dakram_Faces 94dakram.7_face_1.jpg,1,Medium,1,Cool,2,1,1,1,1,1,Warm
MST-1/dakram_Faces 94dakram.8_face_1.jpg,1,Medium,1,Cool,2,1,1,1,1,1,Warm
MST-1/dakram_Faces 94dakram.9_face_1.jpg,1,Medium,1,Cool,1,1,1,1,1,1,Warm
MST-1/Elsa_Zylberstein_LFWElsa_Zylberstein_0001_face_1.jpg,1,Low,2,Neutral,2,2,2,2,2,3,Warm
MST-1/Elsa_Zylberstein_LFWElsa_Zylberstein_0002_face_1.jpg,1,Medium,1,Neutral,1,1,1,1,3,1,Neutral
MST-1/Elsa_Zylberstein_LFWElsa_Zylberstein_0003_face_1.jpg,1,Medium,2,Warm,2,2,1,1,2,2,Neutral
MST-1/Elsa_Zylberstein_LFWElsa_Zylberstein_0004_face_1.jpg,1,Low,1,Warm,2,1,1,2,1,1,Neutral
MST-1/Elsa_Zylberstein_LFWElsa_Zylberstein_0005_face_1.jpg,1,Medium,1,Cool,2,1,2,1,2,1,Warm
MST-1/Elsa_Zylberstein_LFWElsa_Zylberstein_0006_face_1.jpg,1,Low,2,Warm,2,3,1,1,2,2,Neutral
MST-1/Jay_Garner_LFWJay_Garner_0001_face_1.jpg,1,Medium,1,Warm,1,1,2,1,3,1,Cool
MST-1/Jay_Garner_LFWJay_Garner_0002_face_1.jpg,1,Medium,1,Neutral,1,1,1,1,1,1,Cool
MST-1/Jay_Garner_LFWJay_Garner_0003_face_1.jpg,1,Medium,1,Warm,3,2,2,4,3,2,Neutral
MST-1/Jay_Garner_LFWJay_Garner_0004_face_1.jpg,1,Medium,1,Warm,1,1,1,2,1,1,Neutral
MST-1/Jay_Garner_LFWJay_Garner_0005_face_1.jpg,1,Medium,1,Warm,1,1,1,1,1,1,Cool
MST-1/Jay_Garner_LFWJay_Garner_0006_face_1.jpg,1,Medium,1,Cool,1,1,1,1,6,1,Cool
MST-1/Luis_Gonzalez_Macchi_LFWLuis_Gonzalez_Macchi_0001_face_1.jpg,1,Medium,1,Cool,1,1,1,1,2,1,Cool
MST-1/Luis_Gonzalez_Macchi_LFWLuis_Gonzalez_Macchi_0002_face_1.jpg,1,Medium,1,Cool,1,5,1,1,1,1,Cool
MST-1/Luis_Gonzalez_Macchi_LFWLuis_Gonzalez_Macchi_0003_face_1.jpg,1,Medium,1,Cool,1,1,1,3,1,1,Cool
MST-1/Luis_Gonzalez_Macchi_LFWLuis_Gonzalez_Macchi_0004_face_1.jpg,1,Medium,1,Warm,1,1,1,1,2,1,Warm
MST-1/Luis_Gonzalez_Macchi_LFWLuis_Gonzalez_Macchi_0005_face_1.jpg,1,Medium,2,Warm,1,1,1,1,2,2,Neutral
MST-1/mefait_Faces 94mefait.10_face_1.jpg,1,Low,2,Cool,1,1,2,1,2,1,Warm
MST-1/mefait_Faces 94mefait.11_face_1.jpg,1,Low,2,Cool,1,1,2,1,2,1,Warm
MST-1/mefait_Faces 94mefait.12_face_1.jpg,1,Low,2,Cool,1,1,2,1,2,2,Warm
MST-1/mefait_Faces 94mefait.13_face_1.jpg,1,Low,2,Cool,1,1,2,1,2,1,Warm
MST-1/mefait_Faces 94mefait.14_face_1.jpg,1,Low,2,Cool,1,1,2,1,1,2,Warm
MST-1/mefait_Faces 94mefait.15_face_1.jpg,1,Low,2,Cool,1,1,2,1,1,1,Warm
MST-1/mefait_Faces 94mefait.16_face_1.jpg,1,Low,2,Cool,2,1,2,2,1,2,Warm
MST-1/mefait_Faces 94mefait.17_face_1.jpg,1,Low,2,Cool,2,1,2,1,2,2,Warm
MST-1/mefait_Faces 94mefait.18_face_1.jpg,1,Low,2,Cool,2,1,1,1,2,2,Warm
MST-1/mefait_Faces 94mefait.19_face_1.jpg,1,Low,2,Cool,2,1,1,1,2,1,Warm
MST-1/mefait_Faces 94mefait.1_face_1.jpg,1,Low,2,Cool,1,1,1,1,1,1,Warm
MST-1/mefait_Faces 94mefait.20_face_1.jpg,1,Low,2,Cool,2,1,2,1,2,2,Warm
MST-1/mefait_Faces 94mefait.2_face_1.jpg,1,Low,2,Cool,1,1,1,1,1,2,Warm
MST-1/mefait_Faces 94mefait.3_face_1.jpg,1,Low,2,Cool,1,1,1,1,2,1,Warm
MST-1/mefait_Faces 94mefait.4_face_1.jpg,1,Low,2,Cool,1,1,2,1,1,2,Warm
MST-1/mefait_Faces 94mefait.5_face_1.jpg,1,Low,2,Cool,1,1,2,1,1,2,Warm
MST-1/mefait_Faces 94mefait.6_face_1.jpg,1,Low,2,Cool,1,1,2,1,2,2,Warm
MST-1/mefait_Faces 94mefait.7_face_1.jpg,1,Low,2,Cool,1,1,2,1,2,2,Warm
MST-1/mefait_Faces 94mefait.8_face_1.jpg,1,Low,2,Cool,1,1,1,1,1,1,Warm
MST-1/mefait_Faces 94mefait.9_face_1.jpg,1,Low,2,Cool,1,1,2,1,1,1,Warm
MST-1/Meryl_Streep_LFWMeryl_Streep_0001_face_1.jpg,1,Medium,1,Neutral,1,1,1,2,2,1,Cool
MST-1/Meryl_Streep_LFWMeryl_Streep_0002_face_1.jpg,1,Medium,1,Warm,1,1,2,1,2,1,Neutral
MST-1/Meryl_Streep_LFWMeryl_Streep_0003_face_1.jpg,1,Medium,1,Warm,1,1,1,1,2,1,Warm
MST-1/Meryl_Streep_LFWMeryl_Streep_0004_face_1.jpg,1,Medium,1,Cool,1,1,5,1,1,1,Cool
MST-1/Meryl_Streep_LFWMeryl_Streep_0005_face_1.jpg,1,Medium,1,Warm,1,1,2,1,2,1,Warm
MST-1/Meryl_Streep_LFWMeryl_Streep_0006_face_1.jpg,1,Medium,2,Warm,1,1,3,1,2,1,Neutral
MST-1/Meryl_Streep_LFWMeryl_Streep_0007_face_1.jpg,1,Low,1,Warm,1,1,1,1,3,2,Cool
MST-1/Meryl_Streep_LFWMeryl_Streep_0008_face_1.jpg,1,Medium,1,Warm,2,2,2,1,2,1,Neutral
MST-1/Meryl_Streep_LFWMeryl_Streep_0009_face_1.jpg,1,Medium,1,Warm,1,1,3,2,2,1,Cool
MST-1/Meryl_Streep_LFWMeryl_Streep_0010_face_1.jpg,1,Medium,1,Neutral,1,1,1,2,2,1,Cool
MST-1/Meryl_Streep_LFWMeryl_Streep_0011_face_1.jpg,1,Medium,1,Warm,1,2,2,2,2,1,Neutral
MST-1/Meryl_Streep_LFWMeryl_Streep_0012_face_1.jpg,1,Medium,1,Cool,1,2,1,1,2,1,Warm
MST-1/Meryl_Streep_LFWMeryl_Streep_0013_face_1.jpg,1,Medium,1,Neutral,1,1,3,2,2,1,Cool
MST-1/Meryl_Streep_LFWMeryl_Streep_0014_face_1.jpg,1,Medium,1,Warm,2,1,2,1,2,1,Neutral
MST-1/Meryl_Streep_LFWMeryl_Streep_0015_face_1.jpg,1,Medium,3,Neutral,2,2,2,2,2,3,Cool
MST-1/rafox_Faces 95rafox.10_face_1.jpg,1,Low,1,Cool,1,1,1,1,1,1,Cool
MST-1/rafox_Faces 95rafox.11_face_1.jpg,1,Low,1,Cool,1,1,1,1,1,1,Cool
MST-1/rafox_Faces 95rafox.12_face_1.jpg,1,Low,1,Cool,1,1,1,1,1,1,Cool
MST-1/rafox_Faces 95rafox.13_face_1.jpg,1,Low,1,Cool,1,1,1,1,1,1,Cool
MST-1/rafox_Faces 95rafox.14_face_1.jpg,1,Low,1,Cool,1,1,1,1,1,1,Cool
MST-1/rafox_Faces 95rafox.15_face_1.jpg,1,Low,1,Cool,1,1,1,1,1,1,Cool
MST-1/rafox_Faces 95rafox.16_face_1.jpg,1,Low,1,Cool,1,1,1,1,1,1,Cool
MST-1/rafox_Faces 95rafox.17_face_1.jpg,1,Low,1,Cool,1,1,1,1,1,1,Cool
MST-1/rafox_Faces 95rafox.18_face_1.jpg,1,Low,1,Cool,1,1,1,1,1,1,Cool
MST-1/rafox_Faces 95rafox.19_face_1.jpg,1,Low,1,Cool,1,1,1,1,1,1,Cool
MST-1/rafox_Faces 95rafox.1_face_1.jpg,1,Low,1,Cool,1,1,1,1,1,1,Cool
MST-1/rafox_Faces 95rafox.20_face_1.jpg,1,Low,1,Cool,1,1,1,1,1,1,Cool
MST-1/rafox_Faces 95rafox.2_face_1.jpg,1,Low,1,Cool,1,1,1,1,1,1,Cool
MST-1/rafox_Faces 95rafox.3_face_1.jpg,1,Low,1,Cool,1,1,1,1,6,1,Cool
MST-1/rafox_Faces 95rafox.4_face_1.jpg,1,Low,1,Cool,1,1,1,1,1,1,Cool
MST-1/rafox_Faces 95rafox.5_face_1.jpg,1,Low,1,Cool,1,1,1,1,1,1,Cool
MST-1/rafox_Faces 95rafox.6_face_1.jpg,1,Low,1,Cool,1,1,1,1,1,1,Cool
MST-1/rafox_Faces 95rafox.7_face_1.jpg,1,Low,1,Cool,1,1,1,1,1,1,Cool
MST-1/rafox_Faces 95rafox.8_face_1.jpg,1,Low,1,Cool,1,1,1,1,1,1,Cool
MST-1/rafox_Faces 95rafox.9_face_1.jpg,1,Low,1,Cool,1,1,1,1,1,1,Cool
MST-1/Richard_Armitage_LFWRichard_Armitage_0001_face_1.jpg,1,High,1,Neutral,1,1,1,1,2,1,Neutral
MST-1/Richard_Armitage_LFWRichard_Armitage_0002_face_1.jpg,1,High,1,Warm,1,2,1,1,2,1,Warm
MST-1/Richard_Armitage_LFWRichard_Armitage_0003_face_1.jpg,1,Medium,1,Warm,2,1,2,1,2,1,Neutral
MST-1/Richard_Armitage_LFWRichard_Armitage_0004_face_1.jpg,1,Medium,1,Cool,1,2,2,3,3,1,Neutral
MST-1/Richard_Armitage_LFWRichard_Armitage_0005_face_1.jpg,1,Medium,1,Cool,1,1,1,1,6,1,Cool
MST-1/Richard_Armitage_LFWRichard_Armitage_0006_face_1.jpg,1,Medium,1,Warm,2,1,1,3,2,1,Warm
MST-1/Richard_Armitage_LFWRichard_Armitage_0007_face_1.jpg,1,Medium,1,Warm,2,1,1,1,1,1,Cool
MST-1/Richard_Armitage_LFWRichard_Armitage_0008_face_1.jpg,1,Medium,1,Warm,1,1,1,1,5,1,Cool
MST-1/Richard_Armitage_LFWRichard_Armitage_0009_face_1.jpg,1,Low,1,Warm,1,1,3,1,2,1,Cool
MST-1/Richard_Gephardt_LFWRichard_Gephardt_0001_face_1.jpg,1,Low,1,Warm,1,1,2,1,1,1,Cool
MST-1/Richard_Gephardt_LFWRichard_Gephardt_0002_face_1.jpg,1,Medium,1,Warm,1,1,1,1,2,1,Cool
MST-1/Richard_Gephardt_LFWRichard_Gephardt_0003_face_1.jpg,1,Medium,1,Warm,1,1,1,1,2,1,Cool
MST-1/Richard_Gephardt_LFWRichard_Gephardt_0004_face_1.jpg,1,Low,1,Warm,1,1,1,1,1,1,Cool
MST-1/Richard_Gephardt_LFWRichard_Gephardt_0005_face_1.jpg,1,Medium,1,Neutral,4,2,3,1,2,1,Cool
MST-1/Richard_Gephardt_LFWRichard_Gephardt_0006_face_1.jpg,1,Medium,1,Warm,1,1,1,1,2,2,Cool
MST-1/Richard_Gephardt_LFWRichard_Gephardt_0007_face_1.jpg,1,Low,1,Warm,1,1,1,3,2,1,Cool
MST-1/Richard_Gephardt_LFWRichard_Gephardt_0008_face_1.jpg,1,Low,1,Warm,1,1,2,1,2,1,Warm
MST-1/Richard_Gephardt_LFWRichard_Gephardt_0009_face_1.jpg,1,Medium,1,Warm,1,1,2,1,3,1,Neutral
MST-1/Richard_Gephardt_LFWRichard_Gephardt_0010_face_1.jpg,1,Low,1,Warm,1,1,1,1,1,1,Cool
MST-1/Richard_Gephardt_LFWRichard_Gephardt_0011_face_1.jpg,1,Low,1,Warm,1,1,1,1,3,1,Neutral
MST-1/robin_Faces 94robin.10_face_1.jpg,1,Low,2,Cool,1,1,1,1,1,2,Warm
MST-1/robin_Faces 94robin.11_face_1.jpg,1,Low,2,Cool,1,1,1,1,1,1,Warm
MST-1/robin_Faces 94robin.12_face_1.jpg,1,Low,2,Cool,1,2,1,1,1,2,Warm
MST-1/robin_Faces 94robin.13_face_1.jpg,1,Low,2,Cool,1,1,1,1,1,1,Warm
MST-1/robin_Faces 94robin.14_face_1.jpg,1,Low,2,Cool,1,1,1,1,1,1,Warm
MST-1/robin_Faces 94robin.15_face_1.jpg,1,Low,2,Cool,1,1,1,1,1,2,Warm
MST-1/robin_Faces 94robin.16_face_1.jpg,1,Low,2,Cool,4,1,1,1,1,2,Warm
MST-1/robin_Faces 94robin.17_face_1.jpg,1,Low,2,Cool,1,1,1,1,1,2,Warm
MST-1/robin_Faces 94robin.18_face_1.jpg,1,Low,2,Cool,1,1,1,1,1,1,Warm
MST-1/robin_Faces 94robin.19_face_1.jpg,1,Low,1,Cool,1,1,1,1,1,2,Warm
MST-1/robin_Faces 94robin.1_face_1.jpg,1,Low,1,Cool,1,1,1,1,1,2,Warm
MST-1/robin_Faces 94robin.20_face_1.jpg,1,Low,2,Cool,1,1,1,1,1,2,Warm
MST-1/robin_Faces 94robin.2_face_1.jpg,1,Low,1,Cool,1,1,1,1,1,1,Warm
MST-1/robin_Faces 94robin.3_face_1.jpg,1,Low,1,Cool,1,1,1,1,1,1,Warm
MST-1/robin_Faces 94robin.4_face_1.jpg,1,Low,2,Cool,1,1,1,1,1,2,Warm
MST-1/robin_Faces 94robin.5_face_1.jpg,1,Low,2,Cool,1,2,1,1,1,2,Warm
MST-1/robin_Faces 94robin.6_face_1.jpg,1,Low,2,Cool,1,1,1,1,1,2,Warm
MST-1/robin_Faces 94robin.7_face_1.jpg,1,Low,2,Cool,1,1,1,1,1,2,Warm
MST-1/robin_Faces 94robin.8_face_1.jpg,1,Low,2,Cool,1,1,1,1,1,2,Warm
MST-1/robin_Faces 94robin.9_face_1.jpg,1,Low,2,Cool,1,1,1,1,1,2,Warm
MST-1/Sarah_Hughes_LFWSarah_Hughes_0001_face_1.jpg,1,Low,1,Warm,2,3,3,2,4,1,Cool
MST-1/Sarah_Hughes_LFWSarah_Hughes_0002_face_1.jpg,1,Low,1,Warm,2,2,2,2,2,1,Warm
MST-1/Sarah_Hughes_LFWSarah_Hughes_0003_face_1.jpg,1,Medium,1,Warm,1,1,1,1,4,1,Cool
MST-1/Sarah_Hughes_LFWSarah_Hughes_0004_face_1.jpg,1,Medium,1,Warm,1,1,1,1,6,1,Cool
MST-1/Sarah_Hughes_LFWSarah_Hughes_0005_face_1.jpg,1,Medium,1,Warm,1,2,3,1,1,1,Neutral
MST-1/Sarah_Hughes_LFWSarah_Hughes_0006_face_1.jpg,1,Medium,1,Warm,2,2,1,2,2,1,Warm
MST-10/0079_0_0_0_01.jpg,6,Low,5,Cool,6,6,4,5,4,5,Neutral
MST-10/0079_0_0_0_02.jpg,6,Low,5,Cool,6,6,4,5,6,5,Cool
MST-10/0079_0_0_0_03.jpg,6,Low,5,Cool,6,6,4,5,6,5,Cool
MST-10/0079_0_0_0_05.jpg,6,Low,5,Cool,6,6,5,5,4,5,Cool
MST-10/0079_0_0_0_06.jpg,6,Low,5,Cool,6,6,5,5,4,5,Cool
MST-10/0079_0_0_0_07.jpg,6,Low,5,Cool,5,6,6,6,6,5,Warm
MST-10/0092_0_0_0_01.jpg,6,Low,5,Cool,5,6,5,6,6,4,Warm
MST-10/0092_0_0_0_02.jpg,6,Low,5,Cool,5,6,5,6,6,6,Warm
MST-10/0092_0_0_0_03.jpg,6,Low,5,Cool,6,6,4,6,6,6,Warm
MST-10/0092_0_0_0_04.jpg,6,Low,5,Cool,6,6,4,5,6,4,Cool
MST-10/0092_0_0_0_05.jpg,6,Low,5,Cool,6,6,6,6,6,5,Warm
MST-10/0092_0_0_0_06.jpg,6,Low,5,Cool,5,6,4,6,6,4,Warm
MST-10/0092_0_0_0_07.jpg,6,Low,5,Cool,5,6,4,6,6,5,Warm
MST-10/0092_0_0_0_08.jpg,6,Low,5,Cool,5,6,4,6,5,5,Warm
MST-10/0092_0_0_0_09.jpg,6,Low,5,Cool,5,6,5,6,6,5,Warm
MST-10/0092_0_0_0_10.jpg,6,Low,5,Cool,5,6,5,6,6,5,Warm
MST-10/0092_0_0_0_11.jpg,6,Low,5,Cool,6,5,5,5,6,5,Warm
MST-10/0092_0_0_0_12.jpg,6,Low,5,Cool,6,6,5,5,6,5,Warm
MST-10/0092_0_0_0_13.jpg,6,Low,5,Cool,6,5,5,6,6,5,Warm
MST-10/0092_0_0_0_14.jpg,6,Low,5,Cool,6,6,5,6,6,5,Warm
MST-10/0092_0_0_0_15.jpg,6,Low,5,Cool,6,5,5,5,6,6,Warm
MST-10/0092_0_0_0_16.jpg,6,Low,5,Cool,6,6,6,6,6,6,Warm
MST-10/0118_0_0_0_01.jpg,6,Low,5,Cool,5,4,5,5,4,4,Cool
MST-10/0118_0_0_0_02.jpg,6,High,5,Cool,5,6,4,4,5,5,Cool
MST-10/0118_0_0_0_03.jpg,6,High,5,Cool,5,5,5,4,1,5,Cool
MST-10/0118_0_0_0_04.jpg,6,Medium,5,Cool,5,5,4,5,3,4,Cool
MST-10/0118_0_0_0_05.jpg,6,Medium,5,Cool,5,6,4,5,4,4,Cool
MST-10/0118_0_0_0_06.jpg,6,Medium,5,Cool,5,4,4,6,4,5,Cool
MST-10/0118_0_0_0_07.jpg,6,High,5,Cool,5,5,4,4,1,5,Cool
MST-10/0118_0_0_0_08.jpg,6,High,5,Cool,5,5,5,4,5,5,Cool
MST-10/0118_0_2_0_01.jpg,6,High,5,Cool,4,6,5,5,6,4,Warm
MST-10/0186_0_0_0_01.jpg,6,Low,5,Cool,6,6,6,6,6,5,Warm
MST-10/0186_0_0_0_02.jpg,6,Low,5,Cool,6,6,6,6,6,5,Warm
MST-10/0186_0_0_0_03.jpg,6,Low,5,Cool,6,6,6,6,6,5,Warm
MST-10/0186_0_0_0_04.jpg,6,Low,5,Cool,5,6,6,6,6,5,Warm
MST-10/0186_0_0_0_05.jpg,6,Low,5,Cool,6,6,6,6,6,5,Warm
MST-10/0186_0_0_0_06.jpg,6,Low,5,Cool,5,6,6,6,6,5,Warm
MST-10/0186_0_0_0_07.jpg,6,Low,5,Cool,5,6,6,6,6,5,Warm
MST-10/0186_0_0_0_08.jpg,6,Low,5,Cool,6,6,6,6,6,5,Warm
MST-10/0193_0_0_0_01.jpg,6,Low,5,Cool,6,6,6,6,6,5,Warm
MST-10/0193_0_0_0_02.jpg,6,Medium,5,Cool,6,6,6,5,6,5,Cool
MST-10/0193_0_0_0_03.jpg,6,Low,5,Cool,5,6,5,5,6,5,Warm
MST-10/0193_0_0_0_04.jpg,6,Medium,5,Cool,5,6,6,6,6,5,Cool
MST-10/0193_0_0_0_05.jpg,6,Low,5,Cool,6,6,6,6,6,5,Warm
MST-10/0193_0_0_0_06.jpg,6,Low,5,Cool,5,6,6,6,6,5,Warm
MST-10/0193_0_0_0_07.jpg,6,Medium,5,Cool,5,6,6,6,6,5,Cool
MST-10/0193_0_0_0_08.jpg,6,Low,5,Cool,5,6,6,5,6,5,Warm
MST-10/0193_0_2_0_02.jpg,6,High,5,Cool,4,4,5,6,5,6,Warm
MST-10/0193_0_2_0_07.jpg,6,High,5,Cool,3,4,5,6,6,6,Warm
MST-10/0500_0_0_0_01.jpg,6,Low,5,Warm,5,6,5,5,5,6,Cool
MST-10/0500_0_0_0_02.jpg,6,High,5,Cool,4,5,5,4,4,5,Cool
MST-10/0500_0_0_0_03.jpg,6,High,5,Cool,4,4,4,4,4,4,Cool
MST-10/0500_0_0_0_04.jpg,6,Low,5,Warm,5,6,6,5,5,6,Cool
MST-10/0500_0_0_0_05.jpg,6,Low,5,Warm,5,6,5,5,6,5,Cool
MST-10/0500_0_0_0_06.jpg,6,Low,5,Warm,5,6,5,6,5,5,Cool
MST-10/0500_0_0_0_07.jpg,6,High,5,Cool,4,4,4,4,5,5,Cool
MST-10/0500_0_0_0_08.jpg,6,Low,5,Neutral,4,5,4,5,5,5,Cool
MST-10/0500_0_0_0_09.jpg,6,Low,5,Warm,5,5,4,5,5,6,Cool
MST-10/0500_0_0_0_10.jpg,6,High,5,Cool,6,4,4,3,4,5,Cool
MST-10/0500_0_0_0_11.jpg,6,High,5,Cool,6,4,4,4,4,5,Cool
MST-10/0500_0_0_0_12.jpg,6,High,5,Cool,6,4,5,4,4,5,Cool
MST-10/0500_0_0_0_13.jpg,6,High,5,Cool,6,4,4,4,4,5,Cool
MST-10/0500_0_0_0_14.jpg,6,High,5,Cool,6,4,4,5,4,5,Cool
MST-10/0500_0_0_0_15.jpg,6,High,5,Cool,6,4,5,5,4,5,Cool
MST-10/0500_0_0_0_16.jpg,6,High,5,Cool,6,4,4,3,4,5,Cool
MST-10/0518_0_0_0_01.jpg,6,Low,6,Cool,5,5,5,5,6,6,Cool
MST-10/0518_0_0_0_02.jpg,6,Low,6,Cool,5,6,5,5,6,6,Cool
MST-10/0518_0_0_0_03.jpg,6,Medium,6,Cool,5,5,5,5,5,6,Cool
MST-10/0518_0_0_0_04.jpg,6,Low,6,Cool,5,6,5,5,5,6,Cool
MST-10/0518_0_0_0_05.jpg,6,Low,6,Cool,5,6,6,6,6,6,Cool
MST-10/0518_0_0_0_06.jpg,6,Low,6,Cool,5,6,5,6,5,6,Cool
MST-10/0518_0_0_0_07.jpg,6,Low,6,Cool,5,6,6,6,6,6,Cool
MST-10/0518_0_0_0_08.jpg,6,Low,6,Cool,5,6,5,6,5,6,Cool
MST-10/0914_0_0_0_02.jpg,6,Low,5,Cool,6,6,6,6,6,6,Cool
MST-10/0914_0_0_0_03.jpg,6,Medium,6,Cool,6,6,6,6,6,6,Cool
MST-10/0914_0_0_0_12.jpg,6,Medium,6,Cool,6,6,6,6,5,6,Cool
MST-10/0914_0_0_0_13.jpg,6,Medium,6,Cool,6,6,6,6,6,6,Cool
MST-10/0914_0_0_0_15.jpg,6,Medium,5,Cool,6,6,6,6,6,6,Cool
MST-10/0914_0_0_0_16.jpg,6,Medium,6,Cool,6,6,6,6,6,6,Cool
MST-10/0994_0_0_0_01.jpg,6,Low,5,Cool,6,6,6,6,6,5,Warm
MST-10/0994_0_0_0_02.jpg,6,Low,5,Cool,6,6,6,6,6,5,Warm
MST-10/0994_0_0_0_03.jpg,6,Medium,5,Cool,4,4,4,6,4,6,Cool
MST-10/0994_0_0_0_04.jpg,6,Low,5,Cool,5,5,6,4,4,5,Cool
MST-10/0994_0_0_0_05.jpg,6,Medium,5,Cool,6,6,5,6,5,5,Cool
MST-10/0994_0_0_0_06.jpg,6,Low,5,Cool,6,6,6,6,6,5,Warm
MST-10/0994_0_0_0_07.jpg,6,Low,5,Cool,6,6,6,6,6,5,Warm
MST-10/0994_0_0_0_08.jpg,6,Low,5,Cool,6,6,6,6,6,5,Warm
MST-10/0994_0_0_0_09.jpg,6,Low,5,Cool,6,6,6,6,6,5,Warm
MST-10/0994_0_0_0_10.jpg,6,Low,5,Cool,6,6,6,6,6,5,Warm
MST-10/0994_0_0_0_11.jpg,6,Low,5,Cool,6,6,6,6,6,5,Warm
MST-10/0994_0_0_0_12.jpg,6,Low,5,Cool,6,6,6,6,6,5,Warm
MST-10/0994_0_0_0_13.jpg,6,Low,5,Cool,6,6,6,6,6,5,Warm
MST-10/0994_0_0_0_14.jpg,6,Low,5,Cool,6,6,5,5,5,5,Cool
MST-10/0994_0_0_0_15.jpg,6,Medium,5,Cool,6,5,5,5,4,5,Cool
MST-10/0994_0_0_0_16.jpg,6,Medium,5,Cool,6,5,5,6,5,5,Cool
MST-10/0994_0_0_0_17.jpg,6,Medium,5,Cool,6,6,5,6,5,5,Cool
MST-10/0994_0_0_0_18.jpg,6,Medium,5,Cool,6,5,5,6,5,5,Cool
MST-10/0994_0_0_0_19.jpg,6,Medium,5,Cool,6,6,5,6,4,5,Cool
MST-10/0994_0_0_0_20.jpg,6,Medium,5,Cool,6,6,5,6,5,5,Cool
MST-10/1009_0_0_0_01.jpg,6,Low,5,Cool,6,6,6,6,6,5,Warm
MST-10/1009_0_0_0_02.jpg,6,Low,5,Cool,6,6,6,5,6,5,Cool
MST-10/1009_0_0_0_03.jpg,6,Low,5,Cool,5,6,6,6,6,5,Warm
MST-10/1009_0_0_0_04.jpg,6,Low,5,Cool,6,6,6,5,6,5,Cool
MST-10/1009_0_0_0_05.jpg,6,Medium,5,Cool,5,4,4,6,3,3,Cool
MST-10/1009_0_0_0_06.jpg,6,Medium,5,Cool,4,6,6,5,5,3,Cool
MST-10/1009_0_0_0_07.jpg,6,Medium,5,Cool,6,6,6,4,4,5,Cool
MST-10/1009_0_0_0_08.jpg,6,Medium,5,Cool,6,6,6,6,5,3,Cool
MST-10/1009_0_0_0_09.jpg,6,Medium,5,Cool,4,6,6,4,5,3,Cool
MST-10/1009_0_0_0_10.jpg,6,Medium,5,Cool,6,6,6,4,5,3,Cool
MST-10/1009_0_0_0_11.jpg,6,Low,5,Cool,6,5,3,5,6,5,Cool
MST-10/1009_0_0_0_12.jpg,6,Low,5,Cool,6,6,6,6,6,5,Warm
MST-10/1009_0_0_0_13.jpg,6,Low,5,Cool,6,6,6,6,6,5,Warm
MST-10/1009_0_0_0_14.jpg,6,Low,5,Cool,6,6,6,6,6,5,Warm
MST-10/1009_0_0_0_15.jpg,6,Low,5,Cool,6,6,6,6,6,5,Warm
MST-10/1009_0_0_0_16.jpg,6,Low,5,Cool,6,6,6,6,6,3,Warm
MST-10/1009_0_0_0_17.jpg,6,Low,5,Cool,6,6,5,5,6,5,Cool
MST-10/1009_0_0_0_18.jpg,6,Low,5,Cool,6,6,6,6,6,5,Warm
MST-10/1009_0_0_0_19.jpg,6,Low,5,Cool,6,6,6,6,6,5,Warm
MST-10/1009_0_0_0_20.jpg,6,Medium,5,Cool,5,6,5,6,4,5,Cool
MST-10/1009_0_0_0_21.jpg,6,Medium,5,Cool,5,4,6,6,4,3,Cool
MST-10/1009_0_0_0_22.jpg,6,Medium,5,Cool,5,4,4,6,4,3,Cool
MST-10/1009_0_0_0_23.jpg,6,Medium,5,Cool,5,6,4,6,4,3,Cool
MST-10/1009_0_0_0_24.jpg,6,Medium,5,Cool,5,6,4,6,3,3,Cool
MST-10/1009_0_0_0_25.jpg,6,Medium,5,Cool,5,4,4,6,4,3,Cool
MST-2/115_Brazilian Faces115-01_face_1.jpg,1,Low,2,Neutral,2,2,2,2,2,2,Cool
MST-2/115_Brazilian Faces115-02_face_1.jpg,1,Low,2,Warm,2,2,2,2,2,2,Cool
MST-2/115_Brazilian Faces115-03_face_1.jpg,1,Low,2,Warm,2,2,2,2,2,2,Cool
MST-2/115_Brazilian Faces115-04_face_1.jpg,1,Low,2,Warm,2,2,2,2,2,2,Cool
MST-2/115_Brazilian Faces115-05_face_1.jpg,1,Low,2,Warm,2,2,2,2,2,2,Cool
MST-2/115_Brazilian Faces115-06_face_1.jpg,1,Low,2,Warm,2,2,2,2,1,2,Cool
MST-2/115_Brazilian Faces115-07_face_1.jpg,1,Low,2,Warm,2,2,2,2,2,2,Cool
MST-2/115_Brazilian Faces115-08_face_1.jpg,1,Low,2,Warm,2,2,2,2,2,2,Cool
MST-2/115_Brazilian Faces115-09_face_1.jpg,1,Low,2,Warm,2,2,2,2,2,2,Cool
MST-2/115_Brazilian Faces115-10_face_1.jpg,1,Low,2,Warm,2,2,3,2,2,2,Cool
MST-2/115_Brazilian Faces115-11_face_1.jpg,1,Low,2,Warm,2,3,2,2,1,2,Cool
MST-2/115_Brazilian Faces115-12_face_1.jpg,1,Low,2,Warm,2,3,2,2,1,2,Cool
MST-2/115_Brazilian Faces115-13_face_1.jpg,1,Low,2,Warm,2,6,2,2,3,2,Cool
MST-2/165_Brazilian Faces165-01_face_1.jpg,1,Low,2,Cool,2,1,1,2,2,2,Cool
MST-2/165_Brazilian Faces165-02_face_1.jpg,1,Low,2,Neutral,2,2,2,2,2,2,Cool
MST-2/165_Brazilian Faces165-03_face_1.jpg,1,Low,2,Neutral,2,2,2,2,2,2,Cool
MST-2/165_Brazilian Faces165-04_face_1.jpg,1,Low,2,Neutral,2,2,2,2,1,2,Cool
MST-2/165_Brazilian Faces165-05_face_1.jpg,1,Low,2,Warm,2,2,2,2,1,2,Cool
MST-2/165_Brazilian Faces165-06_face_1.jpg,1,Low,2,Warm,3,2,3,2,1,2,Cool
MST-2/165_Brazilian Faces165-07_face_1.jpg,1,Low,2,Warm,2,2,3,2,2,2,Cool
MST-2/165_Brazilian Faces165-08_face_1.jpg,1,Low,2,Neutral,3,2,2,2,2,2,Cool
MST-2/165_Brazilian Faces165-09_face_1.jpg,1,Low,2,Neutral,3,2,3,2,2,2,Cool
MST-2/165_Brazilian Faces165-11_face_1.jpg,1,Low,2,Warm,2,2,2,2,1,2,Cool
MST-2/165_Brazilian Faces165-12_face_1.jpg,1,Low,2,Warm,2,2,2,2,3,2,Cool
MST-2/165_Brazilian Faces165-13_face_1.jpg,1,Low,2,Warm,2,2,2,2,4,2,Neutral
MST-2/165_Brazilian Faces165-14_face_1.jpg,1,Low,2,Cool,1,2,6,6,6,2,Cool
MST-2/181_Brazilian Faces181-01_face_1.jpg,1,Medium,2,Cool,1,2,2,2,2,2,Neutral
MST-2/181_Brazilian Faces181-02_face_1.jpg,1,Medium,2,Cool,2,2,2,2,2,2,Neutral
MST-2/181_Brazilian Faces181-03_face_1.jpg,1,Medium,2,Neutral,2,2,2,2,2,2,Neutral
MST-2/181_Brazilian Faces181-04_face_1.jpg,1,Low,2,Neutral,2,2,2,2,2,2,Neutral
MST-2/181_Brazilian Faces181-05_face_1.jpg,1,Low,2,Neutral,2,2,2,2,1,2,Neutral
MST-2/181_Brazilian Faces181-06_face_1.jpg,1,Low,2,Warm,2,2,1,2,2,2,Neutral
MST-2/181_Brazilian Faces181-07_face_1.jpg,1,Low,2,Warm,2,2,2,2,2,2,Neutral
MST-2/181_Brazilian Faces181-08_face_1.jpg,1,Low,2,Warm,2,2,2,2,2,2,Neutral
MST-2/181_Brazilian Faces181-09_face_1.jpg,1,Low,2,Warm,2,2,2,2,2,2,Warm
MST-2/181_Brazilian Faces181-10_face_1.jpg,1,Medium,2,Neutral,2,2,2,2,2,2,Neutral
MST-2/181_Brazilian Faces181-11_face_1.jpg,1,Low,2,Warm,2,2,2,2,2,2,Neutral
MST-2/181_Brazilian Faces181-12_face_1.jpg,1,Low,2,Warm,2,2,1,2,1,2,Neutral
MST-2/181_Brazilian Faces181-13_face_1.jpg,1,Low,2,Cool,2,3,2,2,6,1,Cool
MST-2/181_Brazilian Faces181-14_face_1.jpg,1,Low,2,Cool,2,2,2,2,1,2,Cool
MST-2/31_Brazilian Faces31-02_face_1.jpg,1,Low,1,Warm,1,2,2,2,2,2,Cool
MST-2/31_Brazilian Faces31-03_face_1.jpg,1,Low,1,Warm,2,2,2,2,2,1,Cool
MST-2/31_Brazilian Faces31-04_face_1.jpg,1,Low,1,Warm,1,2,2,2,2,2,Cool
MST-2/31_Brazilian Faces31-05_face_1.jpg,1,Low,1,Warm,1,2,2,2,2,1,Cool
MST-2/31_Brazilian Faces31-06_face_1.jpg,1,Low,1,Warm,1,2,2,2,2,1,Cool
MST-2/31_Brazilian Faces31-07_face_1.jpg,1,Low,1,Warm,2,2,2,2,2,1,Cool
MST-2/31_Brazilian Faces31-08_face_1.jpg,1,Low,1,Warm,2,2,2,2,2,1,Neutral
MST-2/31_Brazilian Faces31-09_face_1.jpg,1,Low,1,Warm,2,2,2,2,2,1,Neutral
MST-2/31_Brazilian Faces31-11_face_1.jpg,1,Low,1,Warm,1,2,2,2,1,1,Cool
MST-2/31_Brazilian Faces31-12_face_1.jpg,1,Low,1,Warm,1,2,2,2,1,1,Cool
MST-2/31_Brazilian Faces31-13_face_1.jpg,1,Low,1,Warm,1,2,3,2,2,1,Cool
MST-2/31_Brazilian Faces31-14_face_1.jpg,1,Low,1,Cool,1,3,2,2,1,1,Cool
MST-2/35_Brazilian Faces35-01_face_1.jpg,1,Medium,2,Cool,2,2,2,2,2,2,Warm
MST-2/35_Brazilian Faces35-02_face_1.jpg,1,Low,2,Warm,2,2,2,2,2,2,Neutral
MST-2/35_Brazilian Faces35-03_face_1.jpg,1,Low,2,Warm,2,2,2,2,2,2,Warm
MST-2/35_Brazilian Faces35-04_face_1.jpg,1,Low,2,Warm,2,3,2,2,2,2,Neutral
MST-2/35_Brazilian Faces35-05_face_1.jpg,1,Low,2,Warm,2,2,2,2,2,2,Warm
MST-2/35_Brazilian Faces35-06_face_1.jpg,1,Low,2,Warm,2,2,2,2,2,2,Warm
MST-2/35_Brazilian Faces35-07_face_1.jpg,1,Low,2,Warm,2,2,2,2,2,2,Neutral
MST-2/35_Brazilian Faces35-08_face_1.jpg,1,Low,2,Warm,1,2,2,2,2,2,Neutral
MST-2/35_Brazilian Faces35-09_face_1.jpg,1,Low,2,Warm,2,2,2,2,2,2,Warm
MST-2/35_Brazilian Faces35-10_face_1.jpg,1,Low,2,Warm,2,2,2,2,2,2,Neutral
MST-2/35_Brazilian Faces35-11_face_1.jpg,1,Low,2,Warm,2,2,2,2,2,2,Warm
MST-2/35_Brazilian Faces35-12_face_1.jpg,1,Low,2,Warm,2,2,2,2,2,2,Neutral
MST-2/35_Brazilian Faces35-13_face_1.jpg,1,Low,2,Neutral,2,2,2,2,2,2,Neutral
MST-2/35_Brazilian Faces35-14_face_1.jpg,1,Low,2,Cool,2,2,2,2,1,2,Cool
MST-2/58_Brazilian Faces58-01_face_1.jpg,1,Medium,2,Cool,2,2,1,2,2,2,Cool
MST-2/58_Brazilian Faces58-02_face_1.jpg,1,Low,2,Cool,2,3,2,2,2,2,Cool
MST-2/58_Brazilian Faces58-03_face_1.jpg,1,Low,2,Cool,2,2,1,2,2,2,Cool
MST-2/58_Brazilian Faces58-04_face_1.jpg,1,Low,2,Neutral,2,2,2,2,2,2,Cool
MST-2/58_Brazilian Faces58-05_face_1.jpg,1,Low,2,Neutral,2,1,1,2,2,2,Cool
MST-2/58_Brazilian Faces58-06_face_1.jpg,1,Low,2,Neutral,2,2,2,2,2,2,Cool
MST-2/58_Brazilian Faces58-07_face_1.jpg,1,Low,2,Neutral,2,2,2,2,2,2,Cool
MST-2/58_Brazilian Faces58-08_face_1.jpg,1,Low,2,Neutral,2,2,2,2,2,2,Cool
MST-2/58_Brazilian Faces58-09_face_1.jpg,1,Low,2,Neutral,2,2,2,2,2,2,Cool
MST-2/58_Brazilian Faces58-10_face_1.jpg,1,Medium,2,Cool,2,2,2,2,2,2,Cool
MST-2/58_Brazilian Faces58-11_face_1.jpg,1,Low,2,Neutral,2,1,1,2,2,2,Cool
MST-2/58_Brazilian Faces58-12_face_1.jpg,1,Low,2,Neutral,2,1,1,2,2,2,Cool
MST-2/58_Brazilian Faces58-13_face_1.jpg,1,Low,2,Warm,2,2,2,2,2,2,Cool
MST-2/58_Brazilian Faces58-14_face_1.jpg,1,Low,2,Cool,2,2,2,6,6,2,Warm
MST-2/76_Brazilian Faces76-01_face_1.jpg,1,Medium,2,Cool,2,4,1,2,1,2,Cool
MST-2/76_Brazilian Faces76-02_face_1.jpg,1,Low,2,Cool,2,2,2,2,1,2,Cool
MST-2/76_Brazilian Faces76-03_face_1.jpg,1,Medium,2,Cool,2,1,2,2,1,2,Cool
MST-2/76_Brazilian Faces76-04_face_1.jpg,1,Low,2,Cool,2,1,2,2,1,2,Cool
MST-2/76_Brazilian Faces76-05_face_1.jpg,1,Low,2,Cool,2,1,2,2,1,2,Cool
MST-2/76_Brazilian Faces76-06_face_1.jpg,1,Low,2,Cool,2,1,1,2,1,2,Cool
MST-2/76_Brazilian Faces76-07_face_1.jpg,1,Low,2,Cool,2,1,2,2,1,2,Cool
MST-2/76_Brazilian Faces76-08_face_1.jpg,1,Low,2,Cool,2,1,2,2,1,2,Cool
MST-2/76_Brazilian Faces76-09_face_1.jpg,1,Low,2,Cool,1,1,2,2,1,2,Cool
MST-2/76_Brazilian Faces76-10_face_1.jpg,1,Low,2,Cool,2,1,2,2,1,2,Cool
MST-2/76_Brazilian Faces76-11_face_1.jpg,1,Low,2,Cool,2,1,2,2,2,2,Cool
MST-2/76_Brazilian Faces76-12_face_1.jpg,1,Low,2,Cool,1,2,1,2,1,2,Cool
MST-2/76_Brazilian Faces76-13_face_1.jpg,1,Low,2,Neutral,2,1,2,2,2,2,Cool
MST-2/76_Brazilian Faces76-14_face_1.jpg,1,Low,2,Neutral,3,2,2,2,6,2,Cool
MST-2/89_Brazilian Faces89-02_face_1.jpg,1,Low,2,Warm,2,2,2,2,2,2,Neutral
MST-2/89_Brazilian Faces89-03_face_1.jpg,1,Low,2,Warm,2,2,2,2,2,2,Neutral
MST-2/89_Brazilian Faces89-04_face_1.jpg,1,Low,2,Warm,2,2,2,2,2,2,Neutral
MST-2/89_Brazilian Faces89-05_face_1.jpg,1,Low,2,Warm,2,2,2,2,2,2,Neutral
MST-2/89_Brazilian Faces89-06_face_1.jpg,1,Low,2,Warm,2,3,2,2,2,2,Neutral
MST-2/89_Brazilian Faces89-07_face_1.jpg,1,Low,2,Warm,2,2,2,2,2,2,Neutral
MST-2/89_Brazilian Faces89-08_face_1.jpg,1,Low,2,Warm,2,2,2,2,2,2,Neutral
MST-2/89_Brazilian Faces89-09_face_1.jpg,1,Low,2,Warm,2,2,2,2,2,2,Neutral
MST-2/89_Brazilian Faces89-10_face_1.jpg,1,Low,2,Warm,2,2,2,2,2,2,Neutral
MST-2/89_Brazilian Faces89-11_face_1.jpg,1,Low,2,Warm,2,2,2,2,2,2,Neutral
MST-2/89_Brazilian Faces89-12_face_1.jpg,1,Low,2,Warm,2,2,2,2,2,2,Neutral
MST-2/89_Brazilian Faces89-13_face_1.jpg,1,Low,2,Warm,2,2,2,2,2,2,Cool
MST-2/89_Brazilian Faces89-14_face_1.jpg,1,Low,2,Warm,3,2,2,2,6,2,Cool
MST-2/ajsega_Faces 94ajsega.10_face_1.jpg,1,Medium,1,Cool,1,1,1,1,1,1,Warm
MST-2/ajsega_Faces 94ajsega.11_face_1.jpg,1,Medium,1,Cool,1,1,1,1,1,1,Warm
MST-2/ajsega_Faces 94ajsega.12_face_1.jpg,1,Medium,1,Cool,1,1,1,1,1,1,Warm
MST-2/ajsega_Faces 94ajsega.13_face_1.jpg,1,Medium,1,Cool,1,1,1,1,1,1,Warm
MST-2/ajsega_Faces 94ajsega.14_face_1.jpg,1,Medium,1,Cool,1,1,1,1,1,1,Warm
MST-2/ajsega_Faces 94ajsega.15_face_1.jpg,1,Medium,1,Cool,1,1,1,1,1,1,Warm
MST-2/ajsega_Faces 94ajsega.16_face_1.jpg,1,Medium,1,Cool,1,1,1,1,1,1,Warm
MST-2/ajsega_Faces 94ajsega.17_face_1.jpg,1,Medium,1,Cool,1,1,1,1,1,1,Warm
MST-2/ajsega_Faces 94ajsega.18_face_1.jpg,1,Medium,1,Cool,1,1,1,1,1,1,Warm
MST-2/ajsega_Faces 94ajsega.19_face_1.jpg,1,Medium,1,Cool,1,1,1,1,1,1,Warm
MST-2/ajsega_Faces 94ajsega.1_face_1.jpg,1,Medium,1,Cool,1,1,1,1,1,1,Warm
MST-2/ajsega_Faces 94ajsega.20_face_1.jpg,1,Medium,1,Cool,1,1,1,1,1,1,Warm
MST-2/ajsega_Faces 94ajsega.2_face_1.jpg,1,Medium,1,Cool,1,1,1,1,1,1,Warm
MST-2/ajsega_Faces 94ajsega.3_face_1.jpg,1,Medium,1,Cool,1,1,1,1,1,1,Warm
MST-2/ajsega_Faces 94ajsega.4_face_1.jpg,1,Medium,1,Cool,1,1,1,1,1,1,Warm
MST-2/ajsega_Faces 94ajsega.5_face_1.jpg,1,Medium,1,Cool,1,1,1,1,1,1,Warm
MST-2/ajsega_Faces 94ajsega.6_face_1.jpg,1,Medium,1,Cool,1,1,1,1,1,1,Warm
MST-2/ajsega_Faces 94ajsega.7_face_1.jpg,1,Medium,1,Cool,1,1,1,1,1,1,Warm
MST-2/ajsega_Faces 94ajsega.8_face_1.jpg,1,Medium,1,Cool,1,1,1,1,1,1,Warm
MST-2/ajsega_Faces 94ajsega.9_face_1.jpg,1,Medium,1,Cool,1,1,1,1,1,1,Warm
MST-2/Anna_Kournikova_LFWAnna_Kournikova_0001_face_1.jpg,1,Medium,3,Warm,2,2,2,2,3,2,Cool
MST-2/Anna_Kournikova_LFWAnna_Kournikova_0002_face_1.jpg,1,Low,2,Warm,3,2,3,3,1,2,Cool
MST-2/Anna_Kournikova_LFWAnna_Kournikova_0003_face_1.jpg,1,Medium,1,Cool,3,1,1,1,1,1,Warm
MST-2/Anna_Kournikova_LFWAnna_Kournikova_0004_face_1.jpg,1,Medium,2,Cool,2,2,3,2,3,2,Warm
MST-2/Anna_Kournikova_LFWAnna_Kournikova_0005_face_1.jpg,1,Medium,3,Warm,4,3,2,3,2,2,Neutral
MST-2/Anna_Kournikova_LFWAnna_Kournikova_0006_face_1.jpg,1,Low,1,Warm,3,2,1,3,3,1,Warm
MST-2/Anna_Kournikova_LFWAnna_Kournikova_0007_face_1.jpg,1,Medium,3,Cool,2,1,1,1,1,2,Warm
MST-2/Anna_Kournikova_LFWAnna_Kournikova_0008_face_1.jpg,1,Medium,1,Neutral,3,2,1,1,4,1,Cool
MST-2/Anna_Kournikova_LFWAnna_Kournikova_0009_face_1.jpg,1,Medium,4,Cool,3,1,1,1,2,4,Cool
MST-2/Anna_Kournikova_LFWAnna_Kournikova_0010_face_1.jpg,1,Medium,1,Warm,1,2,1,1,2,1,Neutral
MST-2/Anna_Kournikova_LFWAnna_Kournikova_0011_face_1.jpg,1,Low,2,Warm,3,1,1,2,1,2,Warm
MST-2/Anna_Kournikova_LFWAnna_Kournikova_0012_face_1.jpg,1,Medium,2,Warm,2,2,2,2,3,2,Neutral
MST-2/ardper_Faces 95ardper.10_face_1.jpg,1,Low,1,Warm,1,1,1,1,1,1,Cool
MST-2/ardper_Faces 95ardper.11_face_1.jpg,1,Low,1,Warm,2,1,1,1,1,1,Cool
MST-2/ardper_Faces 95ardper.12_face_1.jpg,1,Low,1,Warm,1,1,1,1,1,1,Cool
MST-2/ardper_Faces 95ardper.13_face_1.jpg,1,Low,1,Warm,1,1,1,1,1,1,Cool
MST-2/ardper_Faces 95ardper.14_face_1.jpg,1,Low,1,Warm,1,1,1,1,1,1,Cool
MST-2/ardper_Faces 95ardper.15_face_1.jpg,1,Low,1,Warm,1,1,1,1,1,1,Cool
MST-2/ardper_Faces 95ardper.16_face_1.jpg,1,Low,1,Warm,1,1,1,1,1,1,Cool
MST-2/ardper_Faces 95ardper.17_face_1.jpg,1,Low,1,Warm,2,1,1,1,1,1,Cool
MST-2/ardper_Faces 95ardper.18_face_1.jpg,1,Low,1,Warm,1,1,1,1,1,1,Cool
MST-2/ardper_Faces 95ardper.19_face_1.jpg,1,Low,1,Warm,1,1,1,1,1,1,Cool
MST-2/ardper_Faces 95ardper.1_face_1.jpg,1,Low,1,Warm,2,1,3,2,1,1,Cool
MST-2/ardper_Faces 95ardper.20_face_1.jpg,1,Low,1,Warm,1,1,1,1,1,1,Cool
MST-2/ardper_Faces 95ardper.2_face_1.jpg,1,Low,1,Warm,1,1,3,1,1,1,Cool
MST-2/ardper_Faces 95ardper.3_face_1.jpg,1,Low,1,Warm,1,1,1,1,1,1,Cool
MST-2/ardper_Faces 95ardper.4_face_1.jpg,1,Low,1,Warm,1,1,1,2,1,1,Cool
MST-2/ardper_Faces 95ardper.5_face_1.jpg,1,Low,1,Warm,1,1,3,1,1,1,Cool
MST-2/ardper_Faces 95ardper.6_face_1.jpg,1,Low,1,Warm,1,1,1,1,1,1,Cool
MST-2/ardper_Faces 95ardper.7_face_1.jpg,1,Low,1,Warm,1,1,3,1,1,1,Cool
MST-2/ardper_Faces 95ardper.8_face_1.jpg,1,Low,1,Warm,1,1,1,1,1,1,Cool
MST-2/ardper_Faces 95ardper.9_face_1.jpg,1,Low,1,Warm,1,1,1,1,1,1,Cool
MST-2/Clara_Harris_LFWClara_Harris_0001_face_1.jpg,1,Medium,2,Warm,2,2,1,2,2,2,Neutral
MST-2/Clara_Harris_LFWClara_Harris_0002_face_1.jpg,1,Low,1,Warm,2,2,1,1,1,1,Neutral
MST-2/Clara_Harris_LFWClara_Harris_0003_face_1.jpg,1,Medium,2,Warm,2,2,1,1,1,2,Cool
MST-2/Clara_Harris_LFWClara_Harris_0004_face_1.jpg,1,Low,1,Warm,2,1,1,2,2,2,Warm
MST-2/Clara_Harris_LFWClara_Harris_0005_face_1.jpg,1,Low,2,Warm,1,2,2,2,2,2,Warm
MST-2/cshubb_Faces 94cshubb.10_face_1.jpg,1,Low,1,Cool,1,1,2,1,2,1,Warm
MST-2/cshubb_Faces 94cshubb.11_face_1.jpg,1,Low,1,Cool,1,1,2,1,2,2,Warm
MST-2/cshubb_Faces 94cshubb.12_face_1.jpg,1,Low,1,Cool,1,1,2,1,2,2,Warm
MST-2/cshubb_Faces 94cshubb.13_face_1.jpg,1,Low,1,Cool,1,1,2,1,1,2,Warm
MST-2/cshubb_Faces 94cshubb.14_face_1.jpg,1,Low,1,Cool,1,1,2,1,2,2,Warm
MST-2/cshubb_Faces 94cshubb.15_face_1.jpg,1,Low,1,Cool,1,1,1,1,1,2,Warm
MST-2/cshubb_Faces 94cshubb.16_face_1.jpg,1,Low,1,Cool,1,1,1,1,1,2,Warm
MST-2/cshubb_Faces 94cshubb.17_face_1.jpg,1,Low,1,Cool,1,1,1,1,1,2,Warm
MST-2/cshubb_Faces 94cshubb.18_face_1.jpg,1,Low,1,Cool,1,1,2,1,1,2,Warm
MST-2/cshubb_Faces 94cshubb.19_face_1.jpg,1,Low,1,Cool,1,1,2,1,1,2,Warm
MST-2/cshubb_Faces 94cshubb.1_face_1.jpg,1,Low,1,Cool,1,1,2,1,1,2,Warm
MST-2/cshubb_Faces 94cshubb.20_face_1.jpg,1,Low,2,Cool,1,1,2,1,2,2,Warm
MST-2/cshubb_Faces 94cshubb.2_face_1.jpg,1,Low,1,Cool,1,5,2,1,1,2,Warm
MST-2/cshubb_Faces 94cshubb.3_face_1.jpg,1,Low,1,Cool,1,1,2,1,1,2,Warm
MST-2/cshubb_Faces 94cshubb.4_face_1.jpg,1,Low,1,Cool,1,1,2,1,1,1,Warm
MST-2/cshubb_Faces 94cshubb.5_face_1.jpg,1,Low,1,Cool,1,1,2,1,2,2,Warm
MST-2/cshubb_Faces 94cshubb.6_face_1.jpg,1,Low,1,Cool,1,1,2,1,1,2,Warm
MST-2/cshubb_Faces 94cshubb.7_face_1.jpg,1,Low,1,Cool,1,1,2,1,2,2,Warm
MST-2/cshubb_Faces 94cshubb.8_face_1.jpg,1,Low,1,Cool,1,1,2,1,1,1,Warm
MST-2/cshubb_Faces 94cshubb.9_face_1.jpg,1,Low,1,Cool,1,1,2,1,2,1,Warm
MST-2/dakram_Faces 95dakram.10_face_1.jpg,1,Low,1,Cool,6,1,1,1,1,1,Cool
MST-2/dakram_Faces 95dakram.11_face_1.jpg,1,Low,1,Cool,3,6,1,1,1,1,Cool
MST-2/dakram_Faces 95dakram.12_face_1.jpg,1,Low,1,Neutral,6,1,1,1,1,1,Cool
MST-2/dakram_Faces 95dakram.13_face_1.jpg,1,Low,1,Neutral,2,1,1,1,1,1,Cool
MST-2/dakram_Faces 95dakram.14_face_1.jpg,1,Low,1,Neutral,2,1,1,1,1,1,Cool
MST-2/dakram_Faces 95dakram.15_face_1.jpg,1,Low,1,Neutral,2,1,1,1,1,1,Cool
MST-2/dakram_Faces 95dakram.16_face_1.jpg,1,Low,1,Neutral,2,1,1,1,1,1,Cool
MST-2/dakram_Faces 95dakram.17_face_1.jpg,1,Low,1,Neutral,1,1,1,1,1,1,Cool
MST-2/dakram_Faces 95dakram.18_face_1.jpg,1,Low,1,Neutral,1,1,1,1,1,1,Cool
MST-2/dakram_Faces 95dakram.19_face_1.jpg,1,Low,1,Cool,2,1,1,1,1,1,Cool
MST-2/dakram_Faces 95dakram.1_face_1.jpg,1,Low,1,Neutral,1,1,1,1,5,1,Cool
MST-2/dakram_Faces 95dakram.20_face_1.jpg,1,Low,1,Neutral,1,1,1,1,1,1,Cool
MST-2/dakram_Faces 95dakram.2_face_1.jpg,1,Low,1,Neutral,1,1,1,1,1,1,Cool
MST-2/dakram_Faces 95dakram.3_face_1.jpg,1,Low,1,Neutral,1,1,1,1,5,1,Cool
MST-2/dakram_Faces 95dakram.4_face_1.jpg,1,Low,1,Neutral,1,1,1,1,5,1,Cool
MST-2/dakram_Faces 95dakram.5_face_1.jpg,1,Low,1,Neutral,6,1,1,1,1,1,Cool
MST-2/dakram_Faces 95dakram.6_face_1.jpg,1,Low,1,Neutral,1,1,1,1,1,1,Cool
MST-2/dakram_Faces 95dakram.7_face_1.jpg,1,Low,1,Cool,6,1,1,1,1,1,Cool
MST-2/dakram_Faces 95dakram.8_face_1.jpg,1,Low,1,Neutral,6,1,1,1,1,1,Cool
MST-2/dakram_Faces 95dakram.9_face_1.jpg,1,Low,1,Neutral,6,1,1,1,1,1,Cool
MST-2/damvo_Faces 95damvo.10_face_1.jpg,1,Low,1,Warm,1,1,1,1,1,1,Cool
MST-2/damvo_Faces 95damvo.11_face_1.jpg,1,Low,1,Warm,1,1,1,1,1,1,Cool
MST-2/damvo_Faces 95damvo.12_face_1.jpg,1,Low,1,Warm,1,1,1,1,1,1,Cool
MST-2/damvo_Faces 95damvo.13_face_1.jpg,1,Low,1,Warm,1,1,1,1,1,1,Cool
MST-2/damvo_Faces 95damvo.14_face_1.jpg,1,Low,1,Warm,1,1,1,1,1,1,Cool
MST-2/damvo_Faces 95damvo.15_face_1.jpg,1,Low,1,Warm,1,1,1,1,1,1,Cool
MST-2/damvo_Faces 95damvo.16_face_1.jpg,1,Low,1,Warm,1,1,1,1,1,1,Cool
MST-2/damvo_Faces 95damvo.17_face_1.jpg,1,Low,1,Warm,2,1,1,1,1,1,Cool
MST-2/damvo_Faces 95damvo.18_face_1.jpg,1,Low,1,Warm,2,1,1,1,1,1,Cool
MST-2/damvo_Faces 95damvo.19_face_1.jpg,1,Low,1,Warm,1,1,1,1,1,1,Cool
MST-2/damvo_Faces 95damvo.1_face_1.jpg,1,Low,1,Warm,1,1,1,1,1,1,Cool
MST-2/damvo_Faces 95damvo.20_face_1.jpg,1,Low,1,Warm,2,1,1,1,1,1,Cool
MST-2/damvo_Faces 95damvo.2_face_1.jpg,1,Low,1,Warm,1,1,1,1,1,1,Cool
MST-2/damvo_Faces 95damvo.3_face_1.jpg,1,Low,1,Warm,1,1,1,1,1,1,Cool
MST-2/damvo_Faces 95damvo.4_face_1.jpg,1,Low,1,Warm,1,1,1,1,1,1,Cool
MST-2/damvo_Faces 95damvo.5_face_1.jpg,1,Low,1,Warm,2,1,1,1,1,1,Cool
MST-2/damvo_Faces 95damvo.6_face_1.jpg,1,Low,1,Warm,1,1,1,1,1,1,Cool
MST-2/damvo_Faces 95damvo.7_face_1.jpg,1,Low,1,Warm,1,1,1,1,1,1,Cool
MST-2/damvo_Faces 95damvo.8_face_1.jpg,1,Low,1,Warm,1,1,1,1,1,1,Cool
MST-2/damvo_Faces 95damvo.9_face_1.jpg,1,Low,1,Warm,1,1,1,1,1,1,Cool
MST-2/elduns_Faces 94elduns.10_face_1.jpg,1,Low,2,Cool,1,1,2,2,1,2,Warm
MST-2/elduns_Faces 94elduns.11_face_1.jpg,1,Low,2,Cool,1,1,1,2,1,2,Cool
MST-2/elduns_Faces 94elduns.12_face_1.jpg,1,Low,2,Neutral,1,1,2,1,1,2,Warm
MST-2/elduns_Faces 94elduns.13_face_1.jpg,1,Low,2,Cool,1,1,1,1,1,2,Warm
MST-2/elduns_Faces 94elduns.14_face_1.jpg,1,Low,2,Cool,1,1,1,2,2,1,Cool
MST-2/elduns_Faces 94elduns.15_face_1.jpg,1,Low,2,Cool,1,1,1,2,1,2,Warm
MST-2/elduns_Faces 94elduns.16_face_1.jpg,1,Low,2,Cool,1,1,1,2,1,2,Warm
MST-2/elduns_Faces 94elduns.17_face_1.jpg,1,Low,2,Neutral,1,2,1,2,1,2,Warm
MST-2/elduns_Faces 94elduns.18_face_1.jpg,1,Low,2,Cool,1,1,1,2,1,2,Cool
MST-2/elduns_Faces 94elduns.19_face_1.jpg,1,Low,2,Cool,1,1,2,2,1,2,Warm
MST-2/elduns_Faces 94elduns.1_face_1.jpg,1,Low,2,Cool,1,1,1,1,1,2,Cool
MST-2/elduns_Faces 94elduns.20_face_1.jpg,1,Low,2,Cool,1,1,1,2,1,2,Warm
MST-2/elduns_Faces 94elduns.2_face_1.jpg,1,Low,2,Cool,1,1,1,2,1,1,Warm
MST-2/elduns_Faces 94elduns.3_face_1.jpg,1,Low,2,Cool,1,1,2,1,1,2,Warm
MST-2/elduns_Faces 94elduns.4_face_1.jpg,1,Low,2,Cool,1,1,2,2,3,2,Warm
MST-2/elduns_Faces 94elduns.5_face_1.jpg,1,Low,2,Cool,1,1,1,1,1,2,Warm
MST-2/elduns_Faces 94elduns.6_face_1.jpg,1,Low,2,Cool,1,1,2,2,2,1,Cool
MST-2/elduns_Faces 94elduns.7_face_1.jpg,1,Low,2,Neutral,1,1,2,2,1,2,Warm
MST-2/elduns_Faces 94elduns.8_face_1.jpg,1,Low,2,Cool,1,3,2,2,1,2,Warm
MST-2/elduns_Faces 94elduns.9_face_1.jpg,1,Low,2,Neutral,1,1,2,2,1,2,Warm
MST-2/jbierl_Faces 95jbierl.10_face_1.jpg,1,Low,1,Neutral,1,1,1,1,1,1,Cool
MST-2/jbierl_Faces 95jbierl.11_face_1.jpg,1,Low,1,Neutral,1,1,1,1,1,1,Cool
MST-2/jbierl_Faces 95jbierl.12_face_1.jpg,1,Low,1,Neutral,1,1,1,1,1,1,Cool
MST-2/jbierl_Faces 95jbierl.13_face_1.jpg,1,Low,1,Neutral,1,1,1,1,1,1,Cool
MST-2/jbierl_Faces 95jbierl.14_face_1.jpg,1,Low,1,Neutral,1,1,1,1,1,1,Cool
MST-2/jbierl_Faces 95jbierl.15_face_1.jpg,1,Low,1,Neutral,1,1,1,1,1,1,Cool
MST-2/jbierl_Faces 95jbierl.16_face_1.jpg,1,Low,1,Neutral,1,1,1,1,1,1,Cool
MST-2/jbierl_Faces 95jbierl.17_face_1.jpg,1,Low,1,Neutral,1,1,1,1,1,1,Cool
MST-2/jbierl_Faces 95jbierl.18_face_1.jpg,1,Low,1,Neutral,1,1,1,1,1,1,Cool
MST-2/jbierl_Faces 95jbierl.19_face_1.jpg,1,Low,1,Neutral,1,3,1,1,1,1,Cool
MST-2/jbierl_Faces 95jbierl.1_face_1.jpg,1,Low,1,Neutral,1,1,1,1,1,1,Cool
MST-2/jbierl_Faces 95jbierl.20_face_1.jpg,1,Low,1,Neutral,1,1,1,1,1,1,Cool
MST-2/jbierl_Faces 95jbierl.2_face_1.jpg,1,Low,1,Neutral,1,1,1,1,1,1,Cool
MST-2/jbierl_Faces 95jbierl.3_face_1.jpg,1,Low,1,Neutral,1,1,1,1,1,1,Cool
MST-2/jbierl_Faces 95jbierl.4_face_1.jpg,1,Low,1,Neutral,1,1,1,1,1,1,Cool
MST-2/jbierl_Faces 95jbierl.5_face_1.jpg,1,Low,1,Neutral,1,1,1,1,1,1,Cool
MST-2/jbierl_Faces 95jbierl.6_face_1.jpg,1,Low,1,Neutral,1,1,1,1,1,1,Cool
MST-2/jbierl_Faces 95jbierl.7_face_1.jpg,1,Low,1,Neutral,1,1,1,1,1,1,Cool
MST-2/jbierl_Faces 95jbierl.8_face_1.jpg,1,Low,1,Neutral,1,1,1,1,1,1,Cool
MST-2/jbierl_Faces 95jbierl.9_face_1.jpg,1,Low,1,Neutral,1,1,1,1,1,1,Cool
MST-2/Jean-Pierre_Raffarin_LFWJean-Pierre_Raffarin_0001_face_1.jpg,1,Medium,1,Warm,1,3,2,1,2,2,Neutral
MST-2/Jean-Pierre_Raffarin_LFWJean-Pierre_Raffarin_0002_face_1.jpg,1,Medium,1,Cool,1,1,2,2,2,1,Neutral
MST-2/Jean-Pierre_Raffarin_LFWJean-Pierre_Raffarin_0003_face_1.jpg,1,Medium,1,Warm,2,2,2,1,2,1,Neutral
MST-2/Jean-Pierre_Raffarin_LFWJean-Pierre_Raffarin_0004_face_1.jpg,1,Medium,1,Cool,1,3,2,1,4,1,Cool
MST-2/Jean-Pierre_Raffarin_LFWJean-Pierre_Raffarin_0005_face_1.jpg,1,Medium,1,Neutral,1,2,2,1,3,1,Warm
MST-2/Jean-Pierre_Raffarin_LFWJean-Pierre_Raffarin_0006_face_1.jpg,1,Medium,1,Warm,1,2,2,1,2,1,Neutral
MST-2/Jean-Pierre_Raffarin_LFWJean-Pierre_Raffarin_0007_face_1.jpg,1,Medium,1,Neutral,1,2,2,1,3,1,Neutral
MST-2/Jelena_Dokic_LFWJelena_Dokic_0001_face_1.jpg,1,Medium,1,Warm,2,2,2,3,3,2,Neutral
MST-2/Jelena_Dokic_LFWJelena_Dokic_0002_face_1.jpg,1,Medium,1,Cool,1,1,1,1,2,2,Cool
MST-2/Jelena_Dokic_LFWJelena_Dokic_0003_face_1.jpg,1,Medium,1,Cool,1,6,2,1,1,1,Warm
MST-2/Jelena_Dokic_LFWJelena_Dokic_0004_face_1.jpg,1,Medium,3,Cool,1,4,2,1,3,2,Neutral
MST-2/Jelena_Dokic_LFWJelena_Dokic_0005_face_1.jpg,1,Medium,1,Warm,1,2,2,2,2,2,Warm
MST-2/Jelena_Dokic_LFWJelena_Dokic_0006_face_1.jpg,1,Medium,2,Warm,1,3,2,3,3,2,Warm
MST-2/Jelena_Dokic_LFWJelena_Dokic_0007_face_1.jpg,1,Medium,3,Neutral,3,2,2,2,2,2,Cool
MST-2/Jelena_Dokic_LFWJelena_Dokic_0008_face_1.jpg,1,Medium,1,Neutral,2,3,3,3,2,2,Cool
MST-2/jgloma_Faces 94jgloma.10_face_1.jpg,1,Medium,1,Cool,1,1,1,1,1,1,Warm
MST-2/jgloma_Faces 94jgloma.11_face_1.jpg,1,Medium,1,Cool,1,1,1,1,1,1,Warm
MST-2/jgloma_Faces 94jgloma.12_face_1.jpg,1,Medium,1,Cool,1,2,1,1,1,1,Warm
MST-2/jgloma_Faces 94jgloma.13_face_1.jpg,1,Medium,1,Cool,1,1,1,1,1,1,Warm
MST-2/jgloma_Faces 94jgloma.14_face_1.jpg,1,Medium,1,Cool,1,2,1,1,1,1,Warm
MST-2/jgloma_Faces 94jgloma.15_face_1.jpg,1,Medium,1,Cool,1,1,1,1,1,1,Warm
MST-2/jgloma_Faces 94jgloma.16_face_1.jpg,1,Medium,1,Cool,1,2,1,1,1,1,Warm
MST-2/jgloma_Faces 94jgloma.17_face_1.jpg,1,Medium,1,Cool,1,1,1,1,2,1,Warm
MST-2/jgloma_Faces 94jgloma.18_face_1.jpg,1,Medium,1,Cool,1,1,1,1,2,1,Warm
MST-2/jgloma_Faces 94jgloma.19_face_1.jpg,1,Medium,1,Cool,1,1,1,1,1,1,Warm
MST-2/jgloma_Faces 94jgloma.1_face_1.jpg,1,Medium,1,Cool,1,1,1,1,2,1,Warm
MST-2/jgloma_Faces 94jgloma.20_face_1.jpg,1,Medium,1,Cool,1,1,1,1,2,1,Warm
MST-2/jgloma_Faces 94jgloma.2_face_1.jpg,1,Medium,1,Cool,1,1,1,1,2,1,Warm
MST-2/jgloma_Faces 94jgloma.3_face_1.jpg,1,Medium,1,Cool,1,1,1,1,1,1,Warm
MST-2/jgloma_Faces 94jgloma.4_face_1.jpg,1,Medium,1,Cool,1,1,1,1,2,1,Warm
MST-2/jgloma_Faces 94jgloma.5_face_1.jpg,1,Medium,1,Cool,1,1,1,1,1,1,Warm
MST-2/jgloma_Faces 94jgloma.6_face_1.jpg,1,Medium,1,Cool,1,1,1,1,1,1,Warm
MST-2/jgloma_Faces 94jgloma.7_face_1.jpg,1,Medium,1,Cool,1,1,1,1,1,1,Warm
MST-2/jgloma_Faces 94jgloma.8_face_1.jpg,1,Medium,1,Cool,1,1,1,1,1,1,Warm
MST-2/jgloma_Faces 94jgloma.9_face_1.jpg,1,Medium,1,Cool,1,1,1,1,2,1,Warm
MST-2/John_Abizaid_LFWJohn_Abizaid_0001_face_1.jpg,1,Medium,2,Warm,1,1,1,1,1,2,Neutral
MST-2/John_Abizaid_LFWJohn_Abizaid_0002_face_1.jpg,1,Medium,1,Warm,1,1,1,1,1,1,Cool
MST-2/John_Abizaid_LFWJohn_Abizaid_0003_face_1.jpg,1,Medium,2,Warm,1,3,1,1,2,2,Cool
MST-2/John_Abizaid_LFWJohn_Abizaid_0004_face_1.jpg,1,Medium,1,Cool,1,1,2,1,1,1,Cool
MST-2/John_Abizaid_LFWJohn_Abizaid_0005_face_1.jpg,1,Medium,1,Warm,1,2,1,1,1,2,Neutral
MST-2/John_Abizaid_LFWJohn_Abizaid_0006_face_1.jpg,1,Medium,1,Warm,1,1,2,1,2,1,Warm
MST-2/John_Abizaid_LFWJohn_Abizaid_0007_face_1.jpg,1,Medium,1,Neutral,1,1,1,1,1,1,Cool
MST-2/John_Abizaid_LFWJohn_Abizaid_0008_face_1.jpg,1,Low,1,Cool,1,1,1,1,1,1,Cool
MST-2/John_Abizaid_LFWJohn_Abizaid_0009_face_1.jpg,1,Medium,1,Warm,1,1,1,1,2,2,Warm
MST-2/Justin_Timberlake_LFWJustin_Timberlake_0001_face_1.jpg,1,Medium,2,Warm,2,2,2,2,2,2,Warm
MST-2/Justin_Timberlake_LFWJustin_Timberlake_0002_face_1.jpg,1,Medium,1,Warm,1,1,1,1,2,1,Cool
MST-2/Justin_Timberlake_LFWJustin_Timberlake_0003_face_1.jpg,1,Medium,2,Neutral,2,2,2,2,2,2,Warm
MST-2/Justin_Timberlake_LFWJustin_Timberlake_0004_face_1.jpg,1,Medium,1,Warm,1,2,2,1,2,1,Neutral
MST-2/Justin_Timberlake_LFWJustin_Timberlake_0005_face_1.jpg,1,Medium,2,Cool,1,2,2,1,2,2,Warm
MST-2/Justin_Timberlake_LFWJustin_Timberlake_0006_face_1.jpg,1,Medium,1,Warm,1,2,2,2,2,2,Warm
MST-2/Justin_Timberlake_LFWJustin_Timberlake_0007_face_1.jpg,1,Medium,2,Neutral,3,2,1,2,1,1,Warm
MST-2/Justin_Timberlake_LFWJustin_Timberlake_0008_face_1.jpg,1,Medium,1,Cool,1,2,1,1,2,1,Cool
MST-2/martin_Faces 94martin.10_face_1.jpg,1,Low,1,Cool,2,1,1,2,2,1,Warm
MST-2/martin_Faces 94martin.11_face_1.jpg,1,Low,1,Cool,2,1,1,2,2,1,Warm
MST-2/martin_Faces 94martin.12_face_1.jpg,1,Low,1,Cool,2,1,1,2,2,1,Warm
MST-2/martin_Faces 94martin.13_face_1.jpg,1,Low,2,Cool,2,1,1,2,2,1,Warm
MST-2/martin_Faces 94martin.14_face_1.jpg,1,Low,1,Cool,2,1,1,2,2,1,Warm
MST-2/martin_Faces 94martin.15_face_1.jpg,1,Low,2,Cool,2,1,1,2,2,1,Warm
MST-2/martin_Faces 94martin.16_face_1.jpg,1,Low,1,Cool,2,1,1,2,2,1,Warm
MST-2/martin_Faces 94martin.17_face_1.jpg,1,Low,1,Cool,2,1,1,2,2,1,Warm
MST-2/martin_Faces 94martin.18_face_1.jpg,1,Low,1,Cool,2,1,1,2,2,1,Warm
MST-2/martin_Faces 94martin.19_face_1.jpg,1,Low,1,Cool,2,1,1,2,2,1,Warm
MST-2/martin_Faces 94martin.1_face_1.jpg,1,Low,1,Cool,2,1,1,2,2,2,Warm
MST-2/martin_Faces 94martin.20_face_1.jpg,1,Low,1,Cool,2,1,1,2,2,1,Warm
MST-2/martin_Faces 94martin.2_face_1.jpg,1,Low,1,Cool,2,1,1,2,2,1,Warm
MST-2/martin_Faces 94martin.3_face_1.jpg,1,Low,1,Cool,2,1,1,2,2,1,Cool
MST-2/martin_Faces 94martin.4_face_1.jpg,1,Low,1,Cool,2,2,2,2,2,2,Warm
MST-2/martin_Faces 94martin.5_face_1.jpg,1,Low,1,Cool,2,1,1,2,1,2,Warm
MST-2/martin_Faces 94martin.6_face_1.jpg,1,Low,1,Cool,2,1,1,2,2,2,Cool
MST-2/martin_Faces 94martin.7_face_1.jpg,1,Low,1,Cool,2,1,1,2,2,1,Cool
MST-2/martin_Faces 94martin.8_face_1.jpg,1,Low,1,Cool,2,1,1,2,2,1,Warm
MST-2/martin_Faces 94martin.9_face_1.jpg,1,Low,1,Cool,2,1,1,2,2,1,Cool
MST-2/Mike_Krzyzewski_LFWMike_Krzyzewski_0001_face_1.jpg,1,Medium,1,Neutral,1,1,2,1,1,1,Cool
MST-2/Mike_Krzyzewski_LFWMike_Krzyzewski_0002_face_1.jpg,1,Low,2,Warm,2,2,1,1,2,2,Neutral
MST-2/Mike_Krzyzewski_LFWMike_Krzyzewski_0003_face_1.jpg,1,Medium,1,Cool,1,2,1,1,2,1,Cool
MST-2/Mike_Krzyzewski_LFWMike_Krzyzewski_0004_face_1.jpg,1,Medium,1,Warm,1,1,1,1,1,1,Neutral
MST-2/Mike_Krzyzewski_LFWMike_Krzyzewski_0005_face_1.jpg,1,Medium,1,Warm,1,3,1,1,2,1,Cool
MST-2/Mike_Krzyzewski_LFWMike_Krzyzewski_0006_face_1.jpg,1,Medium,1,Cool,1,1,1,1,1,1,Cool
MST-2/pshurr_Faces 94pshurr.10_face_1.jpg,1,Low,1,Cool,6,1,1,1,2,1,Warm
MST-2/pshurr_Faces 94pshurr.11_face_1.jpg,1,Low,1,Cool,6,1,1,1,2,1,Warm
MST-2/pshurr_Faces 94pshurr.12_face_1.jpg,1,Low,1,Cool,1,1,1,1,2,1,Warm
MST-2/pshurr_Faces 94pshurr.13_face_1.jpg,1,Low,1,Cool,1,1,1,1,2,1,Warm
MST-2/pshurr_Faces 94pshurr.14_face_1.jpg,1,Low,1,Cool,1,2,1,1,2,1,Warm
MST-2/pshurr_Faces 94pshurr.15_face_1.jpg,1,Low,1,Cool,1,1,1,1,2,1,Warm
MST-2/pshurr_Faces 94pshurr.16_face_1.jpg,1,Low,1,Cool,6,2,1,1,2,1,Warm
MST-2/pshurr_Faces 94pshurr.17_face_1.jpg,1,Low,1,Cool,1,1,1,1,2,1,Warm
MST-2/pshurr_Faces 94pshurr.18_face_1.jpg,1,Low,1,Cool,6,1,1,1,2,1,Warm
MST-2/pshurr_Faces 94pshurr.19_face_1.jpg,1,Low,1,Cool,1,2,1,1,2,1,Warm
MST-2/pshurr_Faces 94pshurr.1_face_1.jpg,1,Low,1,Cool,6,2,1,1,2,1,Warm
MST-2/pshurr_Faces 94pshurr.20_face_1.jpg,1,Low,1,Cool,6,1,2,1,2,1,Warm
MST-2/pshurr_Faces 94pshurr.2_face_1.jpg,1,Low,1,Cool,6,1,1,1,2,1,Warm
MST-2/pshurr_Faces 94pshurr.3_face_1.jpg,1,Low,1,Cool,6,1,1,1,2,1,Warm
MST-2/pshurr_Faces 94pshurr.4_face_1.jpg,1,Low,1,Cool,6,1,1,1,2,1,Warm
MST-2/pshurr_Faces 94pshurr.5_face_1.jpg,1,Low,1,Cool,1,1,1,1,2,1,Warm
MST-2/pshurr_Faces 94pshurr.6_face_1.jpg,1,Low,1,Cool,1,1,1,1,2,1,Warm
MST-2/pshurr_Faces 94pshurr.7_face_1.jpg,1,Low,1,Cool,1,1,1,1,2,1,Warm
MST-2/pshurr_Faces 94pshurr.8_face_1.jpg,1,Low,1,Cool,6,1,1,1,2,1,Warm
MST-2/pshurr_Faces 94pshurr.9_face_1.jpg,1,Low,1,Cool,6,1,1,1,2,1,Warm
MST-2/rgspru_Faces 94rgspru.10_face_1.jpg,1,Medium,1,Cool,1,1,1,1,1,1,Warm
MST-2/rgspru_Faces 94rgspru.11_face_1.jpg,1,Medium,1,Cool,1,1,4,1,1,1,Warm
MST-2/rgspru_Faces 94rgspru.12_face_1.jpg,1,Medium,1,Cool,1,1,1,1,2,1,Warm
MST-2/rgspru_Faces 94rgspru.13_face_1.jpg,1,Medium,1,Cool,1,1,1,1,1,1,Warm
MST-2/rgspru_Faces 94rgspru.14_face_1.jpg,1,Medium,1,Cool,1,1,1,1,1,1,Warm
MST-2/rgspru_Faces 94rgspru.15_face_1.jpg,1,Medium,1,Cool,1,1,1,1,1,1,Warm
MST-2/rgspru_Faces 94rgspru.16_face_1.jpg,1,Medium,1,Cool,1,1,1,1,1,1,Warm
MST-2/rgspru_Faces 94rgspru.17_face_1.jpg,1,Medium,1,Cool,1,1,1,1,1,1,Warm
MST-2/rgspru_Faces 94rgspru.18_face_1.jpg,1,Medium,1,Cool,1,1,1,1,1,1,Warm
MST-2/rgspru_Faces 94rgspru.19_face_1.jpg,1,Medium,1,Cool,1,1,1,1,1,1,Warm
MST-2/rgspru_Faces 94rgspru.1_face_1.jpg,1,Medium,1,Cool,1,1,1,1,1,1,Warm
MST-2/rgspru_Faces 94rgspru.20_face_1.jpg,1,Medium,1,Cool,1,1,1,1,1,1,Warm
MST-2/rgspru_Faces 94rgspru.2_face_1.jpg,1,Medium,1,Cool,1,1,1,1,1,1,Warm
MST-2/rgspru_Faces 94rgspru.3_face_1.jpg,1,Medium,1,Cool,1,1,1,1,1,1,Warm
MST-2/rgspru_Faces 94rgspru.4_face_1.jpg,1,Medium,1,Cool,1,1,1,1,1,1,Warm
MST-2/rgspru_Faces 94rgspru.5_face_1.jpg,1,Medium,1,Cool,1,1,1,1,1,1,Warm
MST-2/rgspru_Faces 94rgspru.6_face_1.jpg,1,Medium,1,Cool,1,1,1,1,1,1,Warm
MST-2/rgspru_Faces 94rgspru.7_face_1.jpg,1,Medium,1,Cool,1,1,1,1,1,1,Warm
MST-2/rgspru_Faces 94rgspru.8_face_1.jpg,1,Medium,1,Cool,1,1,1,1,1,1,Warm
MST-2/rgspru_Faces 94rgspru.9_face_1.jpg,1,Medium,1,Cool,1,1,1,1,1,1,Warm
MST-2/rhaitk_Faces 95rhaitk.10_face_1.jpg,1,Low,1,Warm,1,1,1,1,1,1,Cool
MST-2/rhaitk_Faces 95rhaitk.11_face_1.jpg,1,Medium,1,Warm,1,1,1,1,1,1,Cool
MST-2/rhaitk_Faces 95rhaitk.12_face_1.jpg,1,Low,1,Warm,6,1,1,1,1,1,Cool
MST-2/rhaitk_Faces 95rhaitk.13_face_1.jpg,1,Low,1,Warm,6,1,1,1,1,1,Cool
MST-2/rhaitk_Faces 95rhaitk.14_face_1.jpg,1,Low,1,Warm,1,1,1,1,1,1,Cool
MST-2/rhaitk_Faces 95rhaitk.15_face_1.jpg,1,Low,1,Warm,1,4,1,1,1,1,Cool
MST-2/rhaitk_Faces 95rhaitk.16_face_1.jpg,1,Low,1,Warm,1,1,1,1,1,1,Cool
MST-2/rhaitk_Faces 95rhaitk.17_face_1.jpg,1,Low,1,Warm,1,1,1,1,1,1,Cool
MST-2/rhaitk_Faces 95rhaitk.18_face_1.jpg,1,Low,1,Warm,6,1,1,1,1,1,Cool
MST-2/rhaitk_Faces 95rhaitk.19_face_1.jpg,1,Low,1,Warm,6,1,1,1,1,1,Cool
MST-2/rhaitk_Faces 95rhaitk.1_face_1.jpg,1,Low,1,Warm,2,1,1,1,3,1,Cool
MST-2/rhaitk_Faces 95rhaitk.20_face_1.jpg,1,Low,1,Warm,2,1,1,1,1,1,Cool
MST-2/rhaitk_Faces 95rhaitk.2_face_1.jpg,1,Low,1,Warm,1,1,1,1,1,1,Cool
MST-2/rhaitk_Faces 95rhaitk.3_face_1.jpg,1,Low,1,Warm,2,1,1,1,1,1,Cool
MST-2/rhaitk_Faces 95rhaitk.4_face_1.jpg,1,Low,1,Warm,1,1,1,1,1,1,Cool
MST-2/rhaitk_Faces 95rhaitk.5_face_1.jpg,1,Low,1,Warm,1,1,1,1,1,1,Cool
MST-2/rhaitk_Faces 95rhaitk.6_face_1.jpg,1,Low,1,Warm,1,1,1,1,1,1,Cool
MST-2/rhaitk_Faces 95rhaitk.7_face_1.jpg,1,Low,1,Warm,2,1,1,1,1,1,Cool
MST-2/rhaitk_Faces 95rhaitk.8_face_1.jpg,1,Low,1,Warm,1,1,1,1,1,1,Cool
MST-2/rhaitk_Faces 95rhaitk.9_face_1.jpg,1,Low,1,Warm,6,1,1,1,1,1,Cool
MST-2/rmpugh_Faces 94rmpugh.10_face_1.jpg,1,Low,1,Cool,2,1,1,1,1,1,Warm
MST-2/rmpugh_Faces 94rmpugh.11_face_1.jpg,1,Low,2,Cool,1,1,1,1,1,2,Warm
MST-2/rmpugh_Faces 94rmpugh.12_face_1.jpg,1,Low,1,Cool,1,1,1,1,1,1,Warm
MST-2/rmpugh_Faces 94rmpugh.13_face_1.jpg,1,Low,1,Cool,1,1,1,1,1,1,Warm
MST-2/rmpugh_Faces 94rmpugh.14_face_1.jpg,1,Low,1,Cool,2,1,1,1,1,1,Warm
MST-2/rmpugh_Faces 94rmpugh.15_face_1.jpg,1,Low,1,Cool,2,1,1,1,1,1,Warm
MST-2/rmpugh_Faces 94rmpugh.16_face_1.jpg,1,Low,1,Cool,2,1,2,1,3,1,Warm
MST-2/rmpugh_Faces 94rmpugh.17_face_1.jpg,1,Low,1,Cool,1,1,1,1,1,1,Warm
MST-2/rmpugh_Faces 94rmpugh.18_face_1.jpg,1,Low,1,Cool,2,1,1,1,1,1,Warm
MST-2/rmpugh_Faces 94rmpugh.19_face_1.jpg,1,Low,1,Cool,2,1,1,1,1,1,Warm
MST-2/rmpugh_Faces 94rmpugh.1_face_1.jpg,1,Low,1,Cool,1,1,1,1,1,1,Warm
MST-2/rmpugh_Faces 94rmpugh.20_face_1.jpg,1,Low,1,Cool,2,1,1,1,1,1,Warm
MST-2/rmpugh_Faces 94rmpugh.2_face_1.jpg,1,Low,1,Cool,1,1,1,1,1,1,Warm
MST-2/rmpugh_Faces 94rmpugh.3_face_1.jpg,1,Low,1,Cool,1,1,1,1,1,1,Warm
MST-2/rmpugh_Faces 94rmpugh.4_face_1.jpg,1,Low,1,Cool,1,1,1,1,1,1,Warm
MST-2/rmpugh_Faces 94rmpugh.5_face_1.jpg,1,Low,1,Cool,2,1,1,1,1,1,Warm
MST-2/rmpugh_Faces 94rmpugh.6_face_1.jpg,1,Low,1,Cool,1,1,1,1,1,1,Warm
MST-2/rmpugh_Faces 94rmpugh.7_face_1.jpg,1,Low,1,Cool,2,1,1,1,1,1,Warm
MST-2/rmpugh_Faces 94rmpugh.8_face_1.jpg,1,Low,1,Cool,1,1,1,1,1,1,Warm
MST-2/rmpugh_Faces 94rmpugh.9_face_1.jpg,1,Low,1,Cool,2,1,1,1,1,1,Warm
MST-2/Rubens_Barrichello_LFWRubens_Barrichello_0001_face_1.jpg,1,Low,2,Warm,3,2,1,2,4,2,Neutral
MST-2/Rubens_Barrichello_LFWRubens_Barrichello_0002_face_1.jpg,1,Low,2,Warm,3,1,1,2,2,2,Cool
MST-2/Rubens_Barrichello_LFWRubens_Barrichello_0003_face_1.jpg,1,Medium,1,Warm,2,1,2,1,2,1,Neutral
MST-2/Rubens_Barrichello_LFWRubens_Barrichello_0004_face_1.jpg,1,Medium,1,Warm,2,1,2,2,2,2,Warm
MST-2/Rubens_Barrichello_LFWRubens_Barrichello_0005_face_1.jpg,1,Medium,2,Warm,3,2,2,2,2,2,Warm
MST-2/Rubens_Barrichello_LFWRubens_Barrichello_0006_face_1.jpg,1,Medium,2,Warm,1,1,1,1,2,2,Neutral
MST-2/Rubens_Barrichello_LFWRubens_Barrichello_0007_face_1.jpg,1,Medium,1,Warm,1,1,2,2,2,2,Neutral
MST-2/Rubens_Barrichello_LFWRubens_Barrichello_0008_face_1.jpg,1,Medium,2,Warm,1,1,1,1,2,2,Cool
MST-2/Rubens_Barrichello_LFWRubens_Barrichello_0009_face_1.jpg,1,Low,2,Warm,3,1,2,1,3,2,Neutral
MST-2/Rubens_Barrichello_LFWRubens_Barrichello_0010_face_1.jpg,1,Medium,1,Neutral,6,1,1,1,1,1,Cool
MST-2/Rubens_Barrichello_LFWRubens_Barrichello_0011_face_1.jpg,1,Medium,1,Neutral,1,1,1,2,1,1,Warm
MST-2/Rubens_Barrichello_LFWRubens_Barrichello_0012_face_1.jpg,1,Medium,3,Warm,1,2,1,1,2,2,Neutral
MST-2/sandm_Faces 94sandm.10_face_1.jpg,1,Low,1,Cool,1,2,1,1,1,2,Warm
MST-2/sandm_Faces 94sandm.11_face_1.jpg,1,Low,1,Cool,1,2,1,1,1,2,Warm
MST-2/sandm_Faces 94sandm.12_face_1.jpg,1,Low,1,Cool,1,2,1,1,1,1,Warm
MST-2/sandm_Faces 94sandm.13_face_1.jpg,1,Low,1,Cool,1,1,1,1,2,2,Cool
MST-2/sandm_Faces 94sandm.14_face_1.jpg,1,Low,2,Cool,1,2,1,1,1,2,Warm
MST-2/sandm_Faces 94sandm.15_face_1.jpg,1,Low,1,Cool,1,2,1,1,2,2,Warm
MST-2/sandm_Faces 94sandm.16_face_1.jpg,1,Low,1,Cool,1,2,1,1,2,2,Warm
MST-2/sandm_Faces 94sandm.17_face_1.jpg,1,Low,1,Cool,1,2,2,1,2,2,Warm
MST-2/sandm_Faces 94sandm.18_face_1.jpg,1,Low,2,Cool,1,2,2,1,2,2,Warm
MST-2/sandm_Faces 94sandm.19_face_1.jpg,1,Low,1,Cool,1,2,1,1,1,2,Warm
MST-2/sandm_Faces 94sandm.1_face_1.jpg,1,Low,1,Cool,1,2,2,1,1,2,Warm
MST-2/sandm_Faces 94sandm.20_face_1.jpg,1,Low,2,Cool,1,2,2,1,1,2,Warm
MST-2/sandm_Faces 94sandm.2_face_1.jpg,1,Low,1,Cool,1,2,1,1,1,2,Warm
MST-2/sandm_Faces 94sandm.3_face_1.jpg,1,Low,1,Cool,1,2,1,1,2,2,Warm
MST-2/sandm_Faces 94sandm.4_face_1.jpg,1,Low,1,Cool,1,2,1,1,2,2,Cool
MST-2/sandm_Faces 94sandm.5_face_1.jpg,1,Low,1,Cool,1,2,1,1,1,2,Warm
MST-2/sandm_Faces 94sandm.6_face_1.jpg,1,Low,1,Cool,1,2,1,1,1,2,Warm
MST-2/sandm_Faces 94sandm.7_face_1.jpg,1,Low,1,Cool,1,2,1,1,1,2,Warm
MST-2/sandm_Faces 94sandm.8_face_1.jpg,1,Low,2,Cool,1,2,1,1,2,2,Warm
MST-2/sandm_Faces 94sandm.9_face_1.jpg,1,Low,1,Cool,1,1,1,1,1,2,Warm
MST-2/simm_Faces 95simm.10_face_1.jpg,1,Low,1,Neutral,1,6,1,1,1,1,Cool
MST-2/simm_Faces 95simm.11_face_1.jpg,1,Low,1,Neutral,1,6,1,1,1,1,Cool
MST-2/simm_Faces 95simm.12_face_1.jpg,1,Low,1,Warm,1,6,1,1,1,1,Cool
MST-2/simm_Faces 95simm.13_face_1.jpg,1,Low,1,Warm,1,6,1,1,1,1,Cool
MST-2/simm_Faces 95simm.14_face_1.jpg,1,Low,1,Warm,1,1,1,1,1,1,Cool
MST-2/simm_Faces 95simm.15_face_1.jpg,1,Low,1,Warm,1,1,1,1,1,1,Cool
MST-2/simm_Faces 95simm.16_face_1.jpg,1,Low,1,Warm,1,1,1,1,1,1,Cool
MST-2/simm_Faces 95simm.17_face_1.jpg,1,Low,1,Warm,1,1,1,1,1,1,Cool
MST-2/simm_Faces 95simm.18_face_1.jpg,1,Low,1,Warm,1,6,1,1,1,1,Cool
MST-2/simm_Faces 95simm.19_face_1.jpg,1,Low,1,Warm,1,1,1,1,1,1,Cool
MST-2/simm_Faces 95simm.1_face_1.jpg,1,Low,1,Warm,1,1,1,1,1,1,Cool
MST-2/simm_Faces 95simm.20_face_1.jpg,1,Low,1,Warm,1,6,1,3,1,1,Cool
MST-2/simm_Faces 95simm.2_face_1.jpg,1,Low,1,Warm,1,1,1,1,1,1,Cool
MST-2/simm_Faces 95simm.3_face_1.jpg,1,Low,1,Warm,1,1,1,1,1,1,Cool
MST-2/simm_Faces 95simm.4_face_1.jpg,1,Low,1,Warm,1,1,1,1,1,1,Cool
MST-2/simm_Faces 95simm.5_face_1.jpg,1,Low,1,Warm,1,1,1,1,1,1,Cool
MST-2/simm_Faces 95simm.6_face_1.jpg,1,Low,1,Warm,1,1,1,1,1,1,Cool
MST-2/simm_Faces 95simm.7_face_1.jpg,1,Low,1,Warm,1,6,1,1,1,1,Cool
MST-2/simm_Faces 95simm.8_face_1.jpg,1,Low,1,Neutral,1,1,1,1,1,1,Cool
MST-2/simm_Faces 95simm.9_face_1.jpg,1,Low,1,Neutral,1,1,1,3,1,1,Cool
MST-2/sjcutt_Faces 95sjcutt.10_face_1.jpg,1,Low,1,Warm,1,1,1,1,1,1,Cool
MST-2/sjcutt_Faces 95sjcutt.11_face_1.jpg,1,Low,1,Warm,1,1,1,1,1,1,Cool
MST-2/sjcutt_Faces 95sjcutt.12_face_1.jpg,1,Low,1,Warm,1,1,1,1,1,1,Cool
MST-2/sjcutt_Faces 95sjcutt.13_face_1.jpg,1,Low,1,Warm,1,1,1,1,1,1,Cool
MST-2/sjcutt_Faces 95sjcutt.14_face_1.jpg,1,Low,1,Warm,1,1,1,1,1,1,Cool
MST-2/sjcutt_Faces 95sjcutt.15_face_1.jpg,1,Low,1,Warm,1,1,1,1,1,1,Cool
MST-2/sjcutt_Faces 95sjcutt.16_face_1.jpg,1,Low,1,Warm,1,1,1,1,1,1,Cool
MST-2/sjcutt_Faces 95sjcutt.17_face_1.jpg,1,Low,1,Warm,1,1,1,1,1,1,Cool
MST-2/sjcutt_Faces 95sjcutt.18_face_1.jpg,1,Low,1,Warm,1,1,1,1,1,1,Cool
MST-2/sjcutt_Faces 95sjcutt.19_face_1.jpg,1,Low,1,Warm,1,1,1,1,1,1,Cool
MST-2/sjcutt_Faces 95sjcutt.1_face_1.jpg,1,Low,1,Warm,1,1,1,1,1,1,Cool
MST-2/sjcutt_Faces 95sjcutt.20_face_1.jpg,1,Low,1,Warm,1,1,1,1,1,1,Cool
MST-2/sjcutt_Faces 95sjcutt.2_face_1.jpg,1,Low,1,Warm,1,1,1,1,1,1,Cool
MST-2/sjcutt_Faces 95sjcutt.3_face_1.jpg,1,Low,1,Warm,1,1,1,1,1,1,Cool
MST-2/sjcutt_Faces 95sjcutt.4_face_1.jpg,1,Low,1,Warm,1,1,1,1,1,1,Cool
MST-2/sjcutt_Faces 95sjcutt.5_face_1.jpg,1,Low,1,Warm,1,1,1,1,1,1,Cool
MST-2/sjcutt_Faces 95sjcutt.6_face_1.jpg,1,Low,1,Warm,1,1,1,1,1,1,Cool
MST-2/sjcutt_Faces 95sjcutt.7_face_1.jpg,1,Low,1,Warm,1,1,1,1,1,1,Cool
MST-2/sjcutt_Faces 95sjcutt.8_face_1.jpg,1,Low,1,Warm,1,1,1,1,1,1,Cool
MST-2/sjcutt_Faces 95sjcutt.9_face_1.jpg,1,Low,1,Warm,1,1,1,1,1,1,Cool
MST-2/Tariq_Aziz_LFWTariq_Aziz_0001_face_1.jpg,1,Medium,1,Neutral,1,3,1,1,2,1,Cool
MST-2/Tariq_Aziz_LFWTariq_Aziz_0002_face_1.jpg,1,Medium,1,Neutral,1,1,1,1,3,1,Cool
MST-2/Tariq_Aziz_LFWTariq_Aziz_0003_face_1.jpg,1,Medium,1,Warm,2,3,2,1,2,1,Neutral
MST-2/Tariq_Aziz_LFWTariq_Aziz_0004_face_1.jpg,1,Medium,1,Cool,1,3,2,1,2,1,Cool
MST-2/Tariq_Aziz_LFWTariq_Aziz_0005_face_1.jpg,1,Medium,1,Warm,3,3,2,1,3,1,Cool
MST-2/Tariq_Aziz_LFWTariq_Aziz_0006_face_1.jpg,1,Medium,1,Neutral,2,3,3,2,2,2,Neutral
MST-2/train_2056_FairFace2056_face_1.jpg,1,Low,1,Warm,3,3,1,1,4,2,Cool
MST-2/Victoria_Clarke_LFWVictoria_Clarke_0001_face_1.jpg,1,Medium,1,Warm,1,2,2,1,2,1,Neutral
MST-2/Victoria_Clarke_LFWVictoria_Clarke_0002_face_1.jpg,1,Medium,1,Warm,2,1,3,2,2,1,Neutral
MST-2/Victoria_Clarke_LFWVictoria_Clarke_0003_face_1.jpg,1,Medium,1,Warm,1,1,2,1,1,1,Cool
MST-2/Victoria_Clarke_LFWVictoria_Clarke_0004_face_1.jpg,1,Medium,1,Warm,1,1,1,1,1,1,Neutral
MST-2/Victoria_Clarke_LFWVictoria_Clarke_0005_face_1.jpg,1,Low,1,Neutral,2,1,2,2,1,1,Cool
MST-3/109_Brazilian Faces109-01_face_1.jpg,2,Low,2,Cool,3,2,2,2,1,2,Cool
MST-3/109_Brazilian Faces109-02_face_1.jpg,2,Low,2,Cool,2,2,2,2,1,2,Cool
MST-3/109_Brazilian Faces109-03_face_1.jpg,2,Low,2,Cool,2,3,2,2,1,2,Cool
MST-3/109_Brazilian Faces109-04_face_1.jpg,2,Low,2,Cool,2,2,2,2,1,2,Cool
MST-3/109_Brazilian Faces109-05_face_1.jpg,2,Low,2,Cool,2,2,2,2,1,2,Cool
MST-3/109_Brazilian Faces109-06_face_1.jpg,2,Low,2,Cool,2,2,2,2,1,2,Cool
MST-3/109_Brazilian Faces109-07_face_1.jpg,2,Low,2,Neutral,2,2,2,2,1,2,Neutral
MST-3/109_Brazilian Faces109-08_face_1.jpg,2,Low,2,Neutral,2,2,2,2,1,2,Cool
MST-3/109_Brazilian Faces109-09_face_1.jpg,2,Low,2,Neutral,2,2,2,2,1,2,Cool
MST-3/109_Brazilian Faces109-10_face_1.jpg,2,Low,2,Cool,2,2,2,2,2,2,Cool
MST-3/109_Brazilian Faces109-11_face_1.jpg,2,Low,2,Neutral,2,2,2,2,1,2,Cool
MST-3/109_Brazilian Faces109-12_face_1.jpg,2,Low,2,Cool,2,2,2,2,1,2,Cool
MST-3/109_Brazilian Faces109-13_face_1.jpg,2,Low,2,Neutral,2,2,2,2,3,2,Cool
MST-3/141_Brazilian Faces141-01_face_1.jpg,2,Low,2,Warm,3,2,2,2,2,2,Neutral
MST-3/141_Brazilian Faces141-02_face_1.jpg,2,Low,2,Warm,2,3,2,2,2,2,Neutral
MST-3/141_Brazilian Faces141-03_face_1.jpg,2,Low,2,Warm,2,2,2,2,2,2,Neutral
MST-3/141_Brazilian Faces141-04_face_1.jpg,2,Low,2,Warm,2,2,2,2,2,1,Neutral
MST-3/141_Brazilian Faces141-05_face_1.jpg,2,Low,2,Warm,2,3,2,2,2,1,Neutral
MST-3/141_Brazilian Faces141-06_face_1.jpg,2,Low,2,Warm,2,2,2,2,2,2,Neutral
MST-3/141_Brazilian Faces141-07_face_1.jpg,2,Low,2,Warm,2,2,2,2,2,2,Neutral
MST-3/141_Brazilian Faces141-08_face_1.jpg,2,Low,2,Warm,2,2,3,2,2,2,Neutral
MST-3/141_Brazilian Faces141-09_face_1.jpg,2,Low,2,Warm,2,2,2,2,2,2,Neutral
MST-3/141_Brazilian Faces141-10_face_1.jpg,2,Low,2,Warm,3,2,2,2,2,2,Neutral
MST-3/141_Brazilian Faces141-11_face_1.jpg,2,Low,1,Warm,3,2,2,2,2,1,Neutral
MST-3/141_Brazilian Faces141-12_face_1.jpg,2,Low,2,Warm,3,3,2,2,2,2,Neutral
MST-3/141_Brazilian Faces141-13_face_1.jpg,2,Low,1,Neutral,2,2,2,2,2,1,Neutral
MST-3/141_Brazilian Faces141-14_face_1.jpg,2,Low,1,Warm,3,2,2,2,2,1,Cool
MST-3/158_Brazilian Faces158-01_face_1.jpg,2,Medium,1,Neutral,2,2,2,2,2,1,Neutral
MST-3/158_Brazilian Faces158-02_face_1.jpg,2,Medium,1,Warm,2,2,2,2,2,2,Neutral
MST-3/158_Brazilian Faces158-03_face_1.jpg,2,Low,1,Warm,2,2,2,2,2,1,Neutral
MST-3/158_Brazilian Faces158-04_face_1.jpg,2,Low,1,Warm,2,2,2,2,2,2,Neutral
MST-3/158_Brazilian Faces158-05_face_1.jpg,2,Low,2,Warm,2,2,2,2,2,2,Warm
MST-3/158_Brazilian Faces158-06_face_1.jpg,2,Low,2,Warm,2,2,2,2,2,2,Warm
MST-3/158_Brazilian Faces158-07_face_1.jpg,2,Low,2,Warm,2,2,2,2,2,2,Warm
MST-3/158_Brazilian Faces158-08_face_1.jpg,2,Low,1,Warm,2,2,2,2,2,2,Neutral
MST-3/158_Brazilian Faces158-09_face_1.jpg,2,Low,1,Warm,2,2,2,2,2,2,Neutral
MST-3/158_Brazilian Faces158-11_face_1.jpg,2,Low,2,Warm,2,2,2,2,2,2,Warm
MST-3/158_Brazilian Faces158-12_face_1.jpg,2,Low,3,Warm,2,2,2,2,2,2,Neutral
MST-3/158_Brazilian Faces158-13_face_1.jpg,2,Low,1,Cool,1,2,2,2,1,2,Neutral
MST-3/158_Brazilian Faces158-14_face_1.jpg,2,Low,3,Warm,3,2,2,2,2,2,Cool
MST-3/166_Brazilian Faces166-01_face_1.jpg,2,Medium,1,Warm,2,2,1,2,2,1,Neutral
MST-3/166_Brazilian Faces166-02_face_1.jpg,2,Low,1,Warm,2,2,2,2,2,1,Neutral
MST-3/166_Brazilian Faces166-03_face_1.jpg,2,Low,1,Warm,2,1,2,2,2,1,Neutral
MST-3/166_Brazilian Faces166-04_face_1.jpg,2,Low,1,Warm,2,1,2,2,2,1,Neutral
MST-3/166_Brazilian Faces166-05_face_1.jpg,2,Low,1,Warm,2,2,2,2,2,1,Neutral
MST-3/166_Brazilian Faces166-06_face_1.jpg,2,Low,1,Warm,2,2,2,2,2,1,Neutral
MST-3/166_Brazilian Faces166-07_face_1.jpg,2,Low,1,Warm,2,2,2,2,2,1,Warm
MST-3/166_Brazilian Faces166-08_face_1.jpg,2,Low,1,Warm,2,2,2,2,2,1,Neutral
MST-3/166_Brazilian Faces166-09_face_1.jpg,2,Low,1,Warm,2,2,2,2,2,2,Neutral
MST-3/166_Brazilian Faces166-11_face_1.jpg,2,Low,1,Warm,2,2,2,2,2,1,Neutral
MST-3/166_Brazilian Faces166-12_face_1.jpg,2,Low,1,Warm,2,2,2,2,2,1,Cool
MST-3/166_Brazilian Faces166-13_face_1.jpg,2,Low,1,Warm,2,1,2,2,2,1,Cool
MST-3/166_Brazilian Faces166-14_face_1.jpg,2,Low,1,Warm,2,1,1,2,6,1,Cool
MST-3/176_Brazilian Faces176-01_face_1.jpg,2,Medium,1,Warm,2,2,2,2,2,2,Neutral
MST-3/176_Brazilian Faces176-02_face_1.jpg,2,Low,1,Warm,2,3,2,2,2,1,Cool
MST-3/176_Brazilian Faces176-03_face_1.jpg,2,Low,1,Warm,2,2,2,2,2,1,Neutral
MST-3/176_Brazilian Faces176-04_face_1.jpg,2,Low,1,Warm,2,2,2,2,2,1,Neutral
MST-3/176_Brazilian Faces176-05_face_1.jpg,2,Low,2,Warm,2,2,2,3,2,1,Neutral
MST-3/176_Brazilian Faces176-06_face_1.jpg,2,Low,1,Warm,2,2,2,3,2,1,Neutral
MST-3/176_Brazilian Faces176-07_face_1.jpg,2,Low,1,Warm,2,2,2,2,2,1,Cool
MST-3/176_Brazilian Faces176-08_face_1.jpg,2,Low,1,Warm,2,3,2,2,2,1,Neutral
MST-3/176_Brazilian Faces176-09_face_1.jpg,2,Low,1,Warm,1,2,2,2,2,1,Neutral
MST-3/176_Brazilian Faces176-10_face_1.jpg,2,Low,1,Warm,1,3,2,2,2,1,Cool
MST-3/176_Brazilian Faces176-11_face_1.jpg,2,Low,1,Warm,2,2,2,3,2,1,Cool
MST-3/176_Brazilian Faces176-12_face_1.jpg,2,Low,1,Warm,2,2,2,3,2,1,Cool
MST-3/176_Brazilian Faces176-13_face_1.jpg,2,Low,1,Warm,2,2,2,2,2,1,Cool
MST-3/176_Brazilian Faces176-14_face_1.jpg,2,Low,1,Warm,4,1,2,2,2,1,Cool
MST-3/184_Brazilian Faces184-01_face_1.jpg,2,Low,2,Warm,2,2,2,2,2,2,Neutral
MST-3/184_Brazilian Faces184-02_face_1.jpg,2,Low,2,Warm,2,3,2,2,2,2,Neutral
MST-3/184_Brazilian Faces184-03_face_1.jpg,2,Low,2,Warm,2,2,2,2,2,2,Neutral
MST-3/184_Brazilian Faces184-04_face_1.jpg,2,Low,3,Warm,2,2,2,2,2,2,Neutral
MST-3/184_Brazilian Faces184-05_face_1.jpg,2,Low,3,Warm,2,2,2,2,2,3,Neutral
MST-3/184_Brazilian Faces184-06_face_1.jpg,2,Low,3,Warm,2,2,2,2,2,2,Neutral
MST-3/184_Brazilian Faces184-07_face_1.jpg,2,Low,3,Warm,1,3,2,2,2,2,Neutral
MST-3/184_Brazilian Faces184-08_face_1.jpg,2,Low,2,Warm,2,2,2,2,2,2,Cool
MST-3/184_Brazilian Faces184-09_face_1.jpg,2,Low,2,Warm,2,3,2,2,2,2,Neutral
MST-3/184_Brazilian Faces184-10_face_1.jpg,2,Low,2,Warm,2,2,2,3,2,2,Neutral
MST-3/184_Brazilian Faces184-11_face_1.jpg,2,Low,3,Warm,2,2,2,2,2,2,Neutral
MST-3/184_Brazilian Faces184-12_face_1.jpg,2,Low,3,Warm,2,2,2,2,2,2,Neutral
MST-3/184_Brazilian Faces184-13_face_1.jpg,2,Low,3,Warm,2,2,2,2,4,2,Cool
MST-3/184_Brazilian Faces184-14_face_1.jpg,2,Low,2,Cool,2,2,2,2,6,2,Cool
MST-3/1_Brazilian Faces1-01_face_1.jpg,2,Low,2,Neutral,2,3,2,2,2,2,Cool
MST-3/1_Brazilian Faces1-02_face_1.jpg,2,Low,2,Warm,2,2,2,2,2,2,Cool
MST-3/1_Brazilian Faces1-03_face_1.jpg,2,Low,2,Warm,2,2,2,2,2,2,Cool
MST-3/1_Brazilian Faces1-04_face_1.jpg,2,Low,2,Warm,2,2,2,2,2,2,Cool
MST-3/1_Brazilian Faces1-05_face_1.jpg,2,Low,2,Warm,2,2,2,2,2,2,Cool
MST-3/1_Brazilian Faces1-06_face_1.jpg,2,Low,2,Warm,2,2,3,2,1,2,Cool
MST-3/1_Brazilian Faces1-07_face_1.jpg,2,Low,2,Warm,3,2,2,2,2,2,Cool
MST-3/1_Brazilian Faces1-08_face_1.jpg,2,Low,2,Warm,2,2,2,2,2,2,Neutral
MST-3/1_Brazilian Faces1-09_face_1.jpg,2,Low,2,Warm,2,2,2,2,2,2,Neutral
MST-3/1_Brazilian Faces1-10_face_1.jpg,2,Low,2,Warm,3,2,3,2,2,2,Neutral
MST-3/1_Brazilian Faces1-11_face_1.jpg,2,Low,2,Warm,2,2,3,2,1,2,Cool
MST-3/1_Brazilian Faces1-12_face_1.jpg,2,Low,2,Warm,3,2,2,2,2,2,Cool
MST-3/1_Brazilian Faces1-13_face_1.jpg,2,Low,2,Warm,2,2,2,2,2,2,Neutral
MST-3/1_Brazilian Faces1-14_face_1.jpg,2,Low,3,Warm,3,2,3,2,2,2,Neutral
MST-3/25_Brazilian Faces25-01_face_1.jpg,2,Medium,2,Warm,2,2,2,2,2,2,Warm
MST-3/25_Brazilian Faces25-02_face_1.jpg,2,Low,3,Warm,3,3,2,2,2,2,Neutral
MST-3/25_Brazilian Faces25-03_face_1.jpg,2,Low,3,Warm,3,3,2,2,2,3,Neutral
MST-3/25_Brazilian Faces25-04_face_1.jpg,2,Low,3,Warm,3,3,2,2,2,3,Neutral
MST-3/25_Brazilian Faces25-05_face_1.jpg,2,Low,2,Warm,3,3,2,2,2,2,Neutral
MST-3/25_Brazilian Faces25-06_face_1.jpg,2,Low,3,Warm,2,3,3,2,2,3,Neutral
MST-3/25_Brazilian Faces25-07_face_1.jpg,2,Low,3,Warm,3,2,2,2,2,3,Neutral
MST-3/25_Brazilian Faces25-08_face_1.jpg,2,Low,3,Warm,3,2,2,2,3,2,Neutral
MST-3/25_Brazilian Faces25-09_face_1.jpg,2,Low,3,Warm,3,2,2,2,2,2,Neutral
MST-3/25_Brazilian Faces25-10_face_1.jpg,2,Low,2,Warm,3,2,2,2,2,2,Neutral
MST-3/25_Brazilian Faces25-11_face_1.jpg,2,Low,3,Warm,3,2,2,2,2,2,Neutral
MST-3/25_Brazilian Faces25-12_face_1.jpg,2,Low,3,Warm,3,2,2,2,2,2,Neutral
MST-3/25_Brazilian Faces25-13_face_1.jpg,2,Low,2,Warm,2,2,2,2,2,2,Neutral
MST-3/25_Brazilian Faces25-14_face_1.jpg,2,Low,3,Neutral,2,2,2,2,2,2,Neutral
MST-3/33_Brazilian Faces33-01_face_1.jpg,2,Low,2,Neutral,2,2,2,2,2,2,Neutral
MST-3/33_Brazilian Faces33-02_face_1.jpg,2,Low,2,Warm,2,2,2,2,2,2,Cool
MST-3/33_Brazilian Faces33-03_face_1.jpg,2,Low,2,Warm,2,2,2,2,2,2,Cool
MST-3/33_Brazilian Faces33-04_face_1.jpg,2,Low,2,Warm,2,2,2,2,2,2,Neutral
MST-3/33_Brazilian Faces33-05_face_1.jpg,2,Low,2,Warm,2,3,2,2,2,2,Neutral
MST-3/33_Brazilian Faces33-06_face_1.jpg,2,Low,2,Warm,2,3,2,2,2,2,Neutral
MST-3/33_Brazilian Faces33-07_face_1.jpg,2,Low,2,Warm,2,2,2,2,2,2,Neutral
MST-3/33_Brazilian Faces33-08_face_1.jpg,2,Low,2,Warm,2,2,2,2,2,2,Neutral
MST-3/33_Brazilian Faces33-09_face_1.jpg,2,Low,2,Warm,2,2,2,2,2,2,Neutral
MST-3/33_Brazilian Faces33-10_face_1.jpg,2,Low,2,Warm,2,2,2,2,2,2,Neutral
MST-3/33_Brazilian Faces33-11_face_1.jpg,2,Low,2,Warm,2,2,2,2,2,2,Neutral
MST-3/33_Brazilian Faces33-12_face_1.jpg,2,Low,2,Warm,2,2,2,2,2,2,Cool
MST-3/33_Brazilian Faces33-13_face_1.jpg,2,Low,2,Cool,1,2,2,2,1,2,Cool
MST-3/33_Brazilian Faces33-14_face_1.jpg,2,Low,2,Cool,2,2,2,2,6,2,Cool
MST-3/62_Brazilian Faces62-01_face_1.jpg,2,Medium,2,Warm,2,2,2,2,2,2,Neutral
MST-3/62_Brazilian Faces62-02_face_1.jpg,2,Low,2,Warm,1,2,2,2,2,2,Neutral
MST-3/62_Brazilian Faces62-03_face_1.jpg,2,Low,2,Warm,1,2,2,2,2,2,Warm
MST-3/62_Brazilian Faces62-04_face_1.jpg,2,Low,2,Warm,2,2,2,2,2,2,Warm
MST-3/62_Brazilian Faces62-05_face_1.jpg,2,Low,2,Warm,2,2,2,2,2,2,Warm
MST-3/62_Brazilian Faces62-06_face_1.jpg,2,Low,2,Warm,2,2,2,2,2,2,Neutral
MST-3/62_Brazilian Faces62-07_face_1.jpg,2,Low,2,Warm,2,2,2,2,2,2,Neutral
MST-3/62_Brazilian Faces62-08_face_1.jpg,2,Low,2,Warm,2,2,2,2,2,2,Neutral
MST-3/62_Brazilian Faces62-09_face_1.jpg,2,Low,2,Warm,2,2,2,2,2,2,Warm
MST-3/62_Brazilian Faces62-10_face_1.jpg,2,Low,2,Warm,3,2,2,2,2,2,Warm
MST-3/62_Brazilian Faces62-11_face_1.jpg,2,Low,2,Warm,2,2,3,2,2,2,Warm
MST-3/62_Brazilian Faces62-12_face_1.jpg,2,Low,2,Warm,2,2,2,2,2,2,Neutral
MST-3/62_Brazilian Faces62-13_face_1.jpg,2,Low,2,Warm,2,2,2,2,2,2,Neutral
MST-3/62_Brazilian Faces62-14_face_1.jpg,2,Low,2,Cool,1,2,2,2,6,2,Cool
MST-3/63_Brazilian Faces63-01_face_1.jpg,2,Medium,2,Neutral,2,1,2,2,2,2,Cool
MST-3/63_Brazilian Faces63-02_face_1.jpg,2,Low,2,Warm,2,2,2,2,2,2,Cool
MST-3/63_Brazilian Faces63-03_face_1.jpg,2,Low,2,Warm,2,2,2,2,2,2,Cool
MST-3/63_Brazilian Faces63-04_face_1.jpg,2,Low,2,Warm,2,2,2,2,2,2,Cool
MST-3/63_Brazilian Faces63-05_face_1.jpg,2,Low,2,Warm,2,2,2,2,2,2,Cool
MST-3/63_Brazilian Faces63-06_face_1.jpg,2,Low,2,Warm,2,2,2,2,1,2,Cool
MST-3/63_Brazilian Faces63-07_face_1.jpg,2,Low,2,Warm,2,2,2,2,2,2,Cool
MST-3/63_Brazilian Faces63-08_face_1.jpg,2,Low,2,Warm,2,2,2,2,2,2,Cool
MST-3/63_Brazilian Faces63-09_face_1.jpg,2,Low,2,Warm,2,2,2,2,2,2,Cool
MST-3/63_Brazilian Faces63-10_face_1.jpg,2,Low,2,Warm,2,2,3,2,2,2,Cool
MST-3/63_Brazilian Faces63-11_face_1.jpg,2,Low,2,Warm,2,2,2,2,1,2,Cool
MST-3/63_Brazilian Faces63-12_face_1.jpg,2,Low,2,Warm,2,2,2,2,1,2,Cool
MST-3/63_Brazilian Faces63-13_face_1.jpg,2,Low,2,Warm,2,2,2,2,2,2,Cool
MST-3/7_Brazilian Faces7-01_face_1.jpg,2,Low,2,Cool,2,2,2,2,2,2,Cool
MST-3/7_Brazilian Faces7-02_face_1.jpg,2,Low,2,Neutral,2,2,1,2,2,2,Cool
MST-3/7_Brazilian Faces7-03_face_1.jpg,2,Low,2,Neutral,2,2,2,2,1,2,Cool
MST-3/7_Brazilian Faces7-04_face_1.jpg,2,Low,2,Neutral,2,2,2,2,1,2,Cool
MST-3/7_Brazilian Faces7-05_face_1.jpg,2,Low,2,Neutral,2,2,2,2,2,2,Cool
MST-3/7_Brazilian Faces7-06_face_1.jpg,2,Low,2,Neutral,1,2,2,2,2,2,Cool
MST-3/7_Brazilian Faces7-07_face_1.jpg,2,Low,2,Warm,2,2,2,2,2,2,Cool
MST-3/7_Brazilian Faces7-08_face_1.jpg,2,Low,2,Warm,2,2,2,2,2,2,Cool
MST-3/7_Brazilian Faces7-09_face_1.jpg,2,Low,2,Warm,2,2,2,2,2,2,Cool
MST-3/7_Brazilian Faces7-10_face_1.jpg,2,Low,2,Neutral,2,2,2,2,2,2,Cool
MST-3/7_Brazilian Faces7-11_face_1.jpg,2,Low,2,Warm,2,2,2,2,2,2,Cool
MST-3/7_Brazilian Faces7-12_face_1.jpg,2,Low,2,Neutral,1,2,1,2,1,2,Cool
MST-3/7_Brazilian Faces7-13_face_1.jpg,2,Low,2,Warm,2,2,2,2,2,2,Cool
MST-3/7_Brazilian Faces7-14_face_1.jpg,2,Low,3,Cool,2,2,2,2,6,2,Cool
MST-3/90_Brazilian Faces90-02_face_1.jpg,2,Low,3,Warm,2,2,2,3,2,3,Neutral
MST-3/90_Brazilian Faces90-03_face_1.jpg,2,Low,3,Warm,2,2,2,3,2,2,Neutral
MST-3/90_Brazilian Faces90-04_face_1.jpg,2,Low,2,Warm,2,2,2,3,2,2,Neutral
MST-3/90_Brazilian Faces90-05_face_1.jpg,2,Low,2,Warm,2,2,2,2,2,2,Neutral
MST-3/90_Brazilian Faces90-06_face_1.jpg,2,Low,2,Warm,2,2,2,3,3,2,Neutral
MST-3/90_Brazilian Faces90-07_face_1.jpg,2,Low,2,Warm,3,2,2,3,3,2,Neutral
MST-3/90_Brazilian Faces90-08_face_1.jpg,2,Low,2,Warm,3,2,2,2,2,2,Neutral
MST-3/90_Brazilian Faces90-09_face_1.jpg,2,Low,3,Warm,3,2,2,2,2,2,Neutral
MST-3/90_Brazilian Faces90-10_face_1.jpg,2,Low,2,Warm,2,2,2,2,2,2,Neutral
MST-3/90_Brazilian Faces90-11_face_1.jpg,2,Low,2,Warm,2,2,2,3,2,2,Neutral
MST-3/90_Brazilian Faces90-12_face_1.jpg,2,Low,3,Warm,3,2,2,2,3,2,Neutral
MST-3/90_Brazilian Faces90-13_face_1.jpg,2,Low,2,Warm,3,2,2,2,2,2,Cool
MST-3/90_Brazilian Faces90-14_face_1.jpg,2,Low,3,Warm,2,2,3,2,6,2,Cool
MST-3/92_Brazilian Faces92-01_face_1.jpg,2,Low,2,Warm,2,2,2,2,2,2,Neutral
MST-3/92_Brazilian Faces92-02_face_1.jpg,2,Low,2,Warm,2,2,2,2,2,2,Neutral
MST-3/92_Brazilian Faces92-03_face_1.jpg,2,Low,2,Warm,2,2,2,2,2,2,Neutral
MST-3/92_Brazilian Faces92-04_face_1.jpg,2,Low,2,Warm,2,2,2,2,2,2,Neutral
MST-3/92_Brazilian Faces92-05_face_1.jpg,2,Low,2,Warm,2,2,2,2,1,2,Neutral
MST-3/92_Brazilian Faces92-06_face_1.jpg,2,Low,2,Warm,2,2,2,2,1,2,Neutral
MST-3/92_Brazilian Faces92-07_face_1.jpg,2,Low,2,Warm,2,2,2,2,2,2,Neutral
MST-3/92_Brazilian Faces92-08_face_1.jpg,2,Low,2,Warm,2,2,2,2,2,2,Neutral
MST-3/92_Brazilian Faces92-09_face_1.jpg,2,Low,2,Warm,2,2,2,2,2,2,Neutral
MST-3/92_Brazilian Faces92-10_face_1.jpg,2,Low,2,Warm,2,2,2,2,2,2,Warm
MST-3/92_Brazilian Faces92-11_face_1.jpg,2,Low,2,Warm,2,2,2,2,2,2,Neutral
MST-3/92_Brazilian Faces92-12_face_1.jpg,2,Low,2,Warm,2,2,2,2,1,2,Neutral
MST-3/92_Brazilian Faces92-13_face_1.jpg,2,Low,2,Warm,2,2,2,2,2,2,Cool
MST-3/92_Brazilian Faces92-14_face_1.jpg,2,Low,2,Neutral,2,2,2,2,2,2,Cool
MST-3/Ariel_Sharon_LFWAriel_Sharon_0001_face_1.jpg,2,Medium,1,Warm,1,1,1,1,1,1,Cool
MST-3/Ariel_Sharon_LFWAriel_Sharon_0002_face_1.jpg,2,Medium,1,Cool,1,1,1,1,1,1,Cool
MST-3/Ariel_Sharon_LFWAriel_Sharon_0003_face_1.jpg,2,Medium,1,Neutral,1,1,1,1,2,1,Cool
MST-3/Ariel_Sharon_LFWAriel_Sharon_0004_face_1.jpg,2,Low,3,Warm,2,3,3,2,3,2,Warm
MST-3/Ariel_Sharon_LFWAriel_Sharon_0005_face_1.jpg,2,Medium,1,Cool,1,1,2,1,2,1,Cool
MST-3/Ariel_Sharon_LFWAriel_Sharon_0006_face_1.jpg,2,Medium,1,Warm,1,1,1,1,2,1,Neutral
MST-3/Ariel_Sharon_LFWAriel_Sharon_0007_face_1.jpg,2,Medium,1,Cool,1,1,1,1,1,1,Cool
MST-3/Ariel_Sharon_LFWAriel_Sharon_0008_face_1.jpg,2,Medium,1,Neutral,1,1,1,1,3,1,Warm
MST-3/Ariel_Sharon_LFWAriel_Sharon_0009_face_1.jpg,2,Medium,3,Neutral,1,1,1,2,2,2,Warm
MST-3/Ariel_Sharon_LFWAriel_Sharon_0010_face_1.jpg,2,Medium,1,Cool,1,1,4,1,1,1,Cool
MST-3/Ariel_Sharon_LFWAriel_Sharon_0011_face_1.jpg,2,Medium,1,Warm,1,2,1,1,2,1,Warm
MST-3/Ariel_Sharon_LFWAriel_Sharon_0012_face_1.jpg,2,Medium,1,Warm,1,3,2,2,2,2,Warm
MST-3/Ariel_Sharon_LFWAriel_Sharon_0013_face_1.jpg,2,Medium,1,Warm,1,2,2,2,1,1,Warm
MST-3/Ariel_Sharon_LFWAriel_Sharon_0014_face_1.jpg,2,Medium,1,Cool,1,1,1,1,1,1,Cool
MST-3/Ariel_Sharon_LFWAriel_Sharon_0015_face_1.jpg,2,Medium,1,Warm,1,1,2,1,1,1,Cool
MST-3/Ariel_Sharon_LFWAriel_Sharon_0016_face_1.jpg,2,Medium,1,Neutral,1,1,1,1,1,1,Cool
MST-3/Ariel_Sharon_LFWAriel_Sharon_0017_face_1.jpg,2,Medium,1,Cool,1,1,1,1,4,1,Cool
MST-3/Ariel_Sharon_LFWAriel_Sharon_0018_face_1.jpg,2,Medium,1,Neutral,1,2,1,1,1,1,Cool
MST-3/Ariel_Sharon_LFWAriel_Sharon_0019_face_1.jpg,2,Medium,1,Warm,1,2,2,1,2,1,Neutral
MST-3/Ariel_Sharon_LFWAriel_Sharon_0020_face_1.jpg,2,Medium,1,Warm,1,1,2,1,2,1,Cool
MST-3/Ariel_Sharon_LFWAriel_Sharon_0021_face_1.jpg,2,Medium,1,Warm,1,1,1,2,4,1,Warm
MST-3/Ariel_Sharon_LFWAriel_Sharon_0022_face_1.jpg,2,Medium,1,Neutral,1,1,1,1,2,1,Warm
MST-3/Ariel_Sharon_LFWAriel_Sharon_0023_face_1.jpg,2,Medium,1,Warm,1,1,1,1,2,1,Cool
MST-3/Ariel_Sharon_LFWAriel_Sharon_0024_face_1.jpg,2,Medium,1,Warm,1,1,1,1,1,1,Cool
MST-3/Ariel_Sharon_LFWAriel_Sharon_0025_face_1.jpg,2,Medium,1,Warm,1,1,1,1,2,1,Warm
MST-3/Ariel_Sharon_LFWAriel_Sharon_0026_face_1.jpg,2,Low,1,Warm,2,2,2,1,2,1,Neutral
MST-3/Ariel_Sharon_LFWAriel_Sharon_0027_face_1.jpg,2,Medium,1,Cool,1,3,1,1,6,1,Cool
MST-3/Ariel_Sharon_LFWAriel_Sharon_0028_face_1.jpg,2,Medium,1,Warm,2,2,3,1,2,1,Warm
MST-3/Ariel_Sharon_LFWAriel_Sharon_0029_face_1.jpg,2,Medium,1,Warm,1,3,2,2,2,1,Warm
MST-3/Ariel_Sharon_LFWAriel_Sharon_0030_face_1.jpg,2,Medium,1,Warm,1,1,1,1,2,1,Cool
MST-3/Ariel_Sharon_LFWAriel_Sharon_0031_face_1.jpg,2,Medium,1,Cool,1,2,1,2,2,1,Cool
MST-3/Ariel_Sharon_LFWAriel_Sharon_0032_face_1.jpg,2,Medium,1,Warm,1,1,2,1,1,1,Neutral
MST-3/Ariel_Sharon_LFWAriel_Sharon_0033_face_1.jpg,2,Medium,1,Warm,1,1,2,1,1,1,Neutral
MST-3/Ariel_Sharon_LFWAriel_Sharon_0034_face_1.jpg,2,Medium,1,Warm,1,2,1,2,2,1,Neutral
MST-3/Ariel_Sharon_LFWAriel_Sharon_0035_face_1.jpg,2,Medium,1,Warm,1,2,1,1,1,1,Neutral
MST-3/Ariel_Sharon_LFWAriel_Sharon_0036_face_1.jpg,2,Medium,1,Neutral,1,5,2,3,2,1,Neutral
MST-3/Ariel_Sharon_LFWAriel_Sharon_0037_face_1.jpg,2,Medium,2,Warm,1,2,2,3,2,2,Cool
MST-3/Ariel_Sharon_LFWAriel_Sharon_0038_face_1.jpg,2,Medium,3,Warm,2,2,3,3,3,2,Neutral
MST-3/Ariel_Sharon_LFWAriel_Sharon_0039_face_1.jpg,2,Medium,1,Warm,1,3,1,1,2,1,Warm
MST-3/Ariel_Sharon_LFWAriel_Sharon_0040_face_1.jpg,2,Medium,1,Neutral,1,1,1,1,1,1,Cool
MST-3/Ariel_Sharon_LFWAriel_Sharon_0041_face_1.jpg,2,Low,2,Warm,2,2,2,3,2,2,Warm
MST-3/Ariel_Sharon_LFWAriel_Sharon_0042_face_1.jpg,2,Medium,1,Warm,1,1,2,1,2,1,Neutral
MST-3/Ariel_Sharon_LFWAriel_Sharon_0043_face_1.jpg,2,Low,1,Warm,1,2,2,1,2,1,Neutral
MST-3/Ariel_Sharon_LFWAriel_Sharon_0044_face_1.jpg,2,Medium,1,Warm,1,2,1,1,2,1,Neutral
MST-3/Ariel_Sharon_LFWAriel_Sharon_0045_face_1.jpg,2,Medium,1,Cool,1,1,1,1,1,1,Cool
MST-3/Ariel_Sharon_LFWAriel_Sharon_0046_face_1.jpg,2,Medium,1,Neutral,1,2,3,1,2,1,Warm
MST-3/Ariel_Sharon_LFWAriel_Sharon_0047_face_1.jpg,2,Medium,1,Warm,1,1,1,1,3,1,Warm
MST-3/Ariel_Sharon_LFWAriel_Sharon_0048_face_1.jpg,2,Medium,1,Warm,1,2,1,2,1,1,Neutral
MST-3/Ariel_Sharon_LFWAriel_Sharon_0049_face_1.jpg,2,Medium,1,Warm,1,1,1,1,2,1,Cool
MST-3/Ariel_Sharon_LFWAriel_Sharon_0050_face_1.jpg,2,Medium,1,Neutral,1,1,1,1,1,1,Neutral
MST-3/Ariel_Sharon_LFWAriel_Sharon_0051_face_1.jpg,2,Medium,1,Neutral,1,2,2,2,2,1,Neutral
MST-3/Ariel_Sharon_LFWAriel_Sharon_0052_face_1.jpg,2,Medium,1,Warm,1,1,1,1,1,1,Cool
MST-3/Ariel_Sharon_LFWAriel_Sharon_0053_face_1.jpg,2,Medium,1,Warm,1,2,2,2,2,1,Neutral
MST-3/Ariel_Sharon_LFWAriel_Sharon_0054_face_1.jpg,2,Medium,1,Warm,1,2,1,1,2,1,Warm
MST-3/Ariel_Sharon_LFWAriel_Sharon_0055_face_1.jpg,2,Medium,1,Warm,3,3,3,1,2,1,Cool
MST-3/Ariel_Sharon_LFWAriel_Sharon_0056_face_1.jpg,2,Medium,1,Warm,1,2,2,1,2,1,Neutral
MST-3/Ariel_Sharon_LFWAriel_Sharon_0057_face_1.jpg,2,Medium,1,Cool,1,5,1,1,2,1,Neutral
MST-3/Ariel_Sharon_LFWAriel_Sharon_0058_face_1.jpg,2,Medium,1,Warm,1,1,2,1,2,1,Neutral
MST-3/Ariel_Sharon_LFWAriel_Sharon_0059_face_1.jpg,2,Medium,1,Neutral,1,2,1,1,2,1,Neutral
MST-3/Ariel_Sharon_LFWAriel_Sharon_0060_face_1.jpg,2,Medium,1,Warm,1,1,1,1,2,1,Warm
MST-3/Ariel_Sharon_LFWAriel_Sharon_0061_face_1.jpg,2,Medium,1,Warm,1,1,2,1,2,1,Warm
MST-3/Ariel_Sharon_LFWAriel_Sharon_0062_face_1.jpg,2,Medium,1,Cool,1,1,2,1,2,1,Cool
MST-3/Ariel_Sharon_LFWAriel_Sharon_0063_face_1.jpg,2,Medium,1,Warm,1,2,2,1,2,1,Neutral
MST-3/Ariel_Sharon_LFWAriel_Sharon_0064_face_1.jpg,2,Low,3,Warm,3,3,3,4,2,3,Neutral
MST-3/Ariel_Sharon_LFWAriel_Sharon_0065_face_1.jpg,2,Medium,1,Neutral,1,1,1,1,2,1,Cool
MST-3/Ariel_Sharon_LFWAriel_Sharon_0066_face_1.jpg,2,Medium,1,Warm,1,1,1,1,2,1,Cool
MST-3/Ariel_Sharon_LFWAriel_Sharon_0067_face_1.jpg,2,Medium,1,Warm,1,2,2,3,2,1,Cool
MST-3/Ariel_Sharon_LFWAriel_Sharon_0068_face_1.jpg,2,Medium,1,Warm,1,1,1,1,1,1,Cool
MST-3/Ariel_Sharon_LFWAriel_Sharon_0069_face_1.jpg,2,Medium,1,Warm,1,2,2,2,3,1,Warm
MST-3/Ariel_Sharon_LFWAriel_Sharon_0070_face_1.jpg,2,Medium,1,Warm,1,2,1,2,2,1,Warm
MST-3/Ariel_Sharon_LFWAriel_Sharon_0071_face_1.jpg,2,Medium,1,Warm,2,1,2,2,2,1,Warm
MST-3/Ariel_Sharon_LFWAriel_Sharon_0072_face_1.jpg,2,Medium,1,Warm,1,3,2,1,3,1,Neutral
MST-3/Ariel_Sharon_LFWAriel_Sharon_0073_face_1.jpg,2,Medium,1,Cool,1,1,1,1,2,1,Cool
MST-3/Ariel_Sharon_LFWAriel_Sharon_0074_face_1.jpg,2,Medium,1,Warm,1,2,2,1,2,1,Cool
MST-3/Ariel_Sharon_LFWAriel_Sharon_0075_face_1.jpg,2,Medium,1,Neutral,1,1,1,1,2,1,Cool
MST-3/Ariel_Sharon_LFWAriel_Sharon_0076_face_1.jpg,2,Medium,1,Warm,1,2,1,1,2,1,Neutral
MST-3/Ariel_Sharon_LFWAriel_Sharon_0077_face_1.jpg,2,Medium,1,Warm,1,1,1,1,6,1,Warm
MST-3/Colin_Powell_LFWColin_Powell_0001_face_1.jpg,2,Medium,1,Warm,1,1,1,1,2,1,Cool
MST-3/Colin_Powell_LFWColin_Powell_0002_face_1.jpg,2,Medium,1,Warm,1,1,1,2,2,2,Cool
MST-3/Colin_Powell_LFWColin_Powell_0003_face_1.jpg,2,Low,3,Neutral,2,2,1,3,2,4,Cool
MST-3/Colin_Powell_LFWColin_Powell_0004_face_1.jpg,2,Medium,2,Warm,2,2,1,2,2,2,Warm
MST-3/Colin_Powell_LFWColin_Powell_0005_face_1.jpg,2,Medium,1,Warm,1,1,2,2,3,1,Warm
MST-3/Colin_Powell_LFWColin_Powell_0006_face_1.jpg,2,Medium,1,Cool,2,1,2,2,1,1,Cool
MST-3/Colin_Powell_LFWColin_Powell_0007_face_1.jpg,2,Medium,1,Neutral,1,2,1,2,2,1,Neutral
MST-3/Colin_Powell_LFWColin_Powell_0008_face_1.jpg,2,Medium,1,Cool,1,2,1,3,1,1,Cool
MST-3/Colin_Powell_LFWColin_Powell_0009_face_1.jpg,2,Medium,1,Warm,1,2,3,2,2,1,Neutral
MST-3/Colin_Powell_LFWColin_Powell_0010_face_1.jpg,2,Medium,2,Neutral,2,2,1,1,1,2,Cool
MST-3/Colin_Powell_LFWColin_Powell_0011_face_1.jpg,2,Medium,1,Cool,1,1,1,1,1,1,Cool
MST-3/Colin_Powell_LFWColin_Powell_0012_face_1.jpg,2,Medium,1,Warm,1,1,1,1,1,2,Neutral
MST-3/Colin_Powell_LFWColin_Powell_0013_face_1.jpg,2,Low,1,Warm,1,1,1,1,1,1,Cool
MST-3/Colin_Powell_LFWColin_Powell_0014_face_1.jpg,2,Medium,1,Warm,1,2,1,1,2,1,Cool
MST-3/Colin_Powell_LFWColin_Powell_0015_face_1.jpg,2,Medium,1,Warm,1,1,1,1,4,1,Cool
MST-3/Colin_Powell_LFWColin_Powell_0016_face_1.jpg,2,Medium,1,Warm,1,1,1,1,1,1,Neutral
MST-3/Colin_Powell_LFWColin_Powell_0017_face_1.jpg,2,Medium,1,Warm,1,1,1,1,2,1,Cool
MST-3/Colin_Powell_LFWColin_Powell_0018_face_1.jpg,2,Medium,2,Warm,2,2,2,2,3,2,Neutral
MST-3/Colin_Powell_LFWColin_Powell_0019_face_1.jpg,2,Medium,2,Warm,1,1,1,3,2,2,Cool
MST-3/Colin_Powell_LFWColin_Powell_0020_face_1.jpg,2,Low,1,Warm,1,1,1,2,2,2,Cool
MST-3/Colin_Powell_LFWColin_Powell_0021_face_1.jpg,2,Medium,2,Warm,2,2,2,2,2,2,Neutral
MST-3/Colin_Powell_LFWColin_Powell_0022_face_1.jpg,2,Medium,1,Cool,1,2,1,1,2,1,Neutral
MST-3/Colin_Powell_LFWColin_Powell_0023_face_1.jpg,2,Medium,1,Warm,1,1,1,1,3,1,Neutral
MST-3/Colin_Powell_LFWColin_Powell_0024_face_1.jpg,2,Medium,1,Cool,1,1,1,1,1,1,Cool
MST-3/Colin_Powell_LFWColin_Powell_0025_face_1.jpg,2,Low,1,Warm,2,1,2,2,2,2,Cool
MST-3/Colin_Powell_LFWColin_Powell_0026_face_1.jpg,2,Medium,2,Warm,2,2,2,2,3,2,Warm
MST-3/Colin_Powell_LFWColin_Powell_0027_face_1.jpg,2,Medium,2,Warm,2,1,1,1,2,2,Neutral
MST-3/Colin_Powell_LFWColin_Powell_0028_face_1.jpg,2,Medium,1,Warm,1,1,1,1,1,1,Cool
MST-3/Colin_Powell_LFWColin_Powell_0029_face_1.jpg,2,Medium,1,Warm,2,1,1,1,3,1,Neutral
MST-3/Colin_Powell_LFWColin_Powell_0030_face_1.jpg,2,Medium,1,Neutral,1,1,1,1,2,1,Cool
MST-3/Colin_Powell_LFWColin_Powell_0031_face_1.jpg,2,Medium,2,Warm,2,1,1,1,1,1,Cool
MST-3/Colin_Powell_LFWColin_Powell_0032_face_1.jpg,2,Medium,1,Warm,1,1,1,2,4,1,Neutral
MST-3/Colin_Powell_LFWColin_Powell_0033_face_1.jpg,2,Medium,1,Warm,3,1,1,2,4,1,Cool
MST-3/Colin_Powell_LFWColin_Powell_0034_face_1.jpg,2,Medium,2,Warm,2,2,1,2,2,2,Warm
MST-3/Colin_Powell_LFWColin_Powell_0035_face_1.jpg,2,Medium,1,Cool,1,1,1,1,5,1,Cool
MST-3/Colin_Powell_LFWColin_Powell_0036_face_1.jpg,2,Medium,1,Cool,1,2,1,1,1,1,Cool
MST-3/Colin_Powell_LFWColin_Powell_0037_face_1.jpg,2,Medium,2,Warm,1,1,1,1,2,2,Cool
MST-3/Colin_Powell_LFWColin_Powell_0038_face_1.jpg,2,Medium,1,Cool,1,3,1,4,1,1,Cool
MST-3/Colin_Powell_LFWColin_Powell_0039_face_1.jpg,2,Medium,1,Warm,1,1,2,2,2,2,Warm
MST-3/Colin_Powell_LFWColin_Powell_0040_face_1.jpg,2,Medium,1,Warm,1,2,2,2,1,2,Warm
MST-3/Colin_Powell_LFWColin_Powell_0041_face_1.jpg,2,Medium,1,Warm,2,2,1,2,2,2,Cool
MST-3/Colin_Powell_LFWColin_Powell_0042_face_1.jpg,2,Medium,1,Warm,1,1,1,1,1,1,Warm
MST-3/Colin_Powell_LFWColin_Powell_0043_face_1.jpg,2,Medium,1,Cool,1,5,2,3,2,1,Cool
MST-3/Colin_Powell_LFWColin_Powell_0044_face_1.jpg,2,Medium,1,Warm,2,1,1,1,2,1,Cool
MST-3/Colin_Powell_LFWColin_Powell_0045_face_1.jpg,2,Medium,1,Warm,1,1,1,1,2,1,Neutral
MST-3/Colin_Powell_LFWColin_Powell_0046_face_1.jpg,2,Low,1,Warm,2,1,2,3,1,2,Cool
MST-3/Colin_Powell_LFWColin_Powell_0047_face_1.jpg,2,Medium,2,Warm,2,2,1,2,2,2,Warm
MST-3/Colin_Powell_LFWColin_Powell_0048_face_1.jpg,2,Medium,1,Warm,1,1,1,1,2,1,Neutral
MST-3/Colin_Powell_LFWColin_Powell_0049_face_1.jpg,2,Medium,1,Warm,1,1,1,1,2,1,Neutral
MST-3/Colin_Powell_LFWColin_Powell_0050_face_1.jpg,2,Medium,1,Cool,1,1,1,2,2,1,Cool
MST-3/Colin_Powell_LFWColin_Powell_0051_face_1.jpg,2,Medium,1,Warm,1,1,1,1,1,1,Cool
MST-3/Colin_Powell_LFWColin_Powell_0052_face_1.jpg,2,Medium,1,Warm,1,1,1,1,1,1,Cool
MST-3/Colin_Powell_LFWColin_Powell_0053_face_1.jpg,2,Medium,1,Warm,1,1,1,2,1,1,Cool
MST-3/Colin_Powell_LFWColin_Powell_0054_face_1.jpg,2,Medium,2,Warm,2,3,2,2,2,2,Warm
MST-3/Colin_Powell_LFWColin_Powell_0055_face_1.jpg,2,Medium,1,Warm,1,1,1,2,2,1,Warm
MST-3/Colin_Powell_LFWColin_Powell_0056_face_1.jpg,2,Medium,2,Cool,2,1,1,1,2,3,Cool
MST-3/Colin_Powell_LFWColin_Powell_0057_face_1.jpg,2,Medium,1,Warm,2,1,2,1,3,1,Neutral
MST-3/Colin_Powell_LFWColin_Powell_0058_face_1.jpg,2,Medium,1,Warm,2,1,1,2,2,1,Cool
MST-3/Colin_Powell_LFWColin_Powell_0059_face_1.jpg,2,Medium,2,Warm,2,1,2,1,2,2,Neutral
MST-3/Colin_Powell_LFWColin_Powell_0060_face_1.jpg,2,Medium,2,Warm,1,2,3,2,3,2,Neutral
MST-3/Colin_Powell_LFWColin_Powell_0061_face_1.jpg,2,High,1,Warm,1,2,1,1,3,1,Cool
MST-3/Colin_Powell_LFWColin_Powell_0062_face_1.jpg,2,Medium,1,Neutral,1,1,1,2,6,1,Cool
MST-3/Colin_Powell_LFWColin_Powell_0063_face_1.jpg,2,Medium,2,Cool,1,1,1,1,1,1,Cool
MST-3/Colin_Powell_LFWColin_Powell_0064_face_1.jpg,2,Medium,2,Warm,1,1,1,1,2,1,Cool
MST-3/Colin_Powell_LFWColin_Powell_0065_face_1.jpg,2,Medium,1,Warm,1,1,4,1,6,1,Cool
MST-3/Colin_Powell_LFWColin_Powell_0066_face_1.jpg,2,Medium,1,Cool,1,1,1,1,1,1,Cool
MST-3/Colin_Powell_LFWColin_Powell_0067_face_1.jpg,2,Medium,1,Cool,1,1,1,2,1,1,Cool
MST-3/Colin_Powell_LFWColin_Powell_0068_face_1.jpg,2,Medium,2,Neutral,1,1,2,3,1,1,Neutral
MST-3/Colin_Powell_LFWColin_Powell_0069_face_1.jpg,2,Low,1,Neutral,2,1,2,3,2,1,Cool
MST-3/Colin_Powell_LFWColin_Powell_0070_face_1.jpg,2,Medium,1,Cool,1,1,1,1,1,1,Neutral
MST-3/Colin_Powell_LFWColin_Powell_0071_face_1.jpg,2,Medium,1,Neutral,2,3,1,2,2,1,Neutral
MST-3/Colin_Powell_LFWColin_Powell_0072_face_1.jpg,2,Medium,1,Warm,1,1,1,1,1,1,Cool
MST-3/Colin_Powell_LFWColin_Powell_0073_face_1.jpg,2,Medium,2,Neutral,1,4,1,1,2,1,Cool
MST-3/Colin_Powell_LFWColin_Powell_0074_face_1.jpg,2,Low,1,Warm,1,1,1,1,2,1,Warm
MST-3/Colin_Powell_LFWColin_Powell_0075_face_1.jpg,2,Medium,2,Warm,2,2,2,3,2,2,Neutral
MST-3/Colin_Powell_LFWColin_Powell_0076_face_1.jpg,2,Medium,1,Cool,1,1,1,1,2,1,Neutral
MST-3/Colin_Powell_LFWColin_Powell_0077_face_1.jpg,2,Medium,2,Warm,1,2,3,2,2,2,Neutral
MST-3/Colin_Powell_LFWColin_Powell_0078_face_1.jpg,2,Medium,1,Warm,1,1,1,1,2,1,Warm
MST-3/Colin_Powell_LFWColin_Powell_0079_face_1.jpg,2,Medium,1,Warm,1,1,4,1,2,1,Cool
MST-3/Colin_Powell_LFWColin_Powell_0080_face_1.jpg,2,Medium,1,Warm,3,1,1,2,4,1,Cool
MST-3/Colin_Powell_LFWColin_Powell_0081_face_1.jpg,2,Medium,1,Warm,2,1,1,2,2,1,Cool
MST-3/Colin_Powell_LFWColin_Powell_0082_face_1.jpg,2,Low,1,Warm,2,1,1,2,1,1,Warm
MST-3/Colin_Powell_LFWColin_Powell_0083_face_1.jpg,2,Medium,1,Warm,1,1,1,2,3,1,Warm
MST-3/Colin_Powell_LFWColin_Powell_0084_face_1.jpg,2,Medium,1,Cool,2,1,1,1,2,1,Cool
MST-3/Colin_Powell_LFWColin_Powell_0085_face_1.jpg,2,Medium,1,Warm,1,1,1,1,2,1,Neutral
MST-3/Colin_Powell_LFWColin_Powell_0086_face_1.jpg,2,Medium,1,Cool,1,1,1,1,2,1,Neutral
MST-3/Colin_Powell_LFWColin_Powell_0087_face_1.jpg,2,Low,1,Neutral,1,1,2,2,2,1,Cool
MST-3/Colin_Powell_LFWColin_Powell_0088_face_1.jpg,2,Medium,2,Warm,1,3,2,2,2,2,Warm
MST-3/Colin_Powell_LFWColin_Powell_0089_face_1.jpg,2,Medium,1,Warm,2,1,2,1,3,1,Neutral
MST-3/Colin_Powell_LFWColin_Powell_0090_face_1.jpg,2,Medium,1,Cool,1,2,1,4,2,1,Cool
MST-3/Colin_Powell_LFWColin_Powell_0091_face_1.jpg,2,Medium,1,Neutral,1,2,1,1,2,1,Neutral
MST-3/Colin_Powell_LFWColin_Powell_0092_face_1.jpg,2,Medium,1,Warm,1,2,1,2,2,1,Warm
MST-3/Colin_Powell_LFWColin_Powell_0093_face_1.jpg,2,Medium,1,Cool,1,1,1,1,2,1,Neutral
MST-3/Colin_Powell_LFWColin_Powell_0094_face_1.jpg,2,Medium,1,Warm,2,1,2,2,2,1,Neutral
MST-3/Colin_Powell_LFWColin_Powell_0095_face_1.jpg,2,Low,1,Warm,2,2,2,2,3,1,Neutral
MST-3/Colin_Powell_LFWColin_Powell_0096_face_1.jpg,2,Medium,2,Warm,2,2,2,2,2,2,Warm
MST-3/Colin_Powell_LFWColin_Powell_0097_face_1.jpg,2,Medium,1,Warm,2,2,1,2,3,2,Neutral
MST-3/Colin_Powell_LFWColin_Powell_0098_face_1.jpg,2,Medium,1,Neutral,1,2,1,2,2,2,Neutral
MST-3/Colin_Powell_LFWColin_Powell_0099_face_1.jpg,2,Medium,2,Neutral,2,1,1,1,2,1,Neutral
MST-3/Colin_Powell_LFWColin_Powell_0100_face_1.jpg,2,Medium,1,Warm,1,1,1,1,2,1,Cool
MST-3/Colin_Powell_LFWColin_Powell_0101_face_1.jpg,2,Medium,1,Warm,1,1,1,1,2,2,Cool
MST-3/Colin_Powell_LFWColin_Powell_0102_face_1.jpg,2,Medium,1,Warm,1,1,1,2,2,1,Cool
MST-3/Colin_Powell_LFWColin_Powell_0103_face_1.jpg,2,Medium,2,Warm,1,2,1,2,3,1,Neutral
MST-3/Colin_Powell_LFWColin_Powell_0104_face_1.jpg,2,Medium,1,Warm,1,2,2,1,2,2,Neutral
MST-3/Colin_Powell_LFWColin_Powell_0105_face_1.jpg,2,Medium,1,Cool,1,1,1,2,2,1,Cool
MST-3/Colin_Powell_LFWColin_Powell_0106_face_1.jpg,2,Medium,1,Warm,2,2,2,1,2,1,Neutral
MST-3/Colin_Powell_LFWColin_Powell_0107_face_1.jpg,2,Medium,1,Warm,2,1,1,2,1,1,Cool
MST-3/Colin_Powell_LFWColin_Powell_0108_face_1.jpg,2,Medium,1,Cool,1,2,1,2,6,1,Cool
MST-3/Colin_Powell_LFWColin_Powell_0109_face_1.jpg,2,Low,1,Warm,1,1,1,1,2,1,Cool
MST-3/Colin_Powell_LFWColin_Powell_0110_face_1.jpg,2,Medium,1,Neutral,2,2,2,2,2,1,Warm
MST-3/Colin_Powell_LFWColin_Powell_0111_face_1.jpg,2,Medium,1,Warm,1,2,2,2,2,1,Neutral
MST-3/Colin_Powell_LFWColin_Powell_0112_face_1.jpg,2,Low,2,Cool,2,1,1,1,1,1,Cool
MST-3/Colin_Powell_LFWColin_Powell_0113_face_1.jpg,2,Medium,1,Warm,2,1,2,2,3,1,Warm
MST-3/Colin_Powell_LFWColin_Powell_0114_face_1.jpg,2,Medium,1,Warm,1,3,3,2,2,1,Warm
MST-3/Colin_Powell_LFWColin_Powell_0115_face_1.jpg,2,Medium,1,Warm,1,3,1,1,1,1,Cool
MST-3/Colin_Powell_LFWColin_Powell_0116_face_1.jpg,2,Medium,1,Warm,1,1,1,2,1,1,Cool
MST-3/Colin_Powell_LFWColin_Powell_0117_face_1.jpg,2,Medium,1,Warm,1,2,1,2,2,2,Neutral
MST-3/Colin_Powell_LFWColin_Powell_0118_face_1.jpg,2,Medium,1,Warm,1,2,1,1,2,2,Neutral
MST-3/Colin_Powell_LFWColin_Powell_0119_face_1.jpg,2,Medium,1,Warm,1,2,2,1,2,1,Cool
MST-3/Colin_Powell_LFWColin_Powell_0120_face_1.jpg,2,Medium,2,Warm,2,1,2,2,2,1,Neutral
MST-3/Colin_Powell_LFWColin_Powell_0121_face_1.jpg,2,Medium,1,Warm,2,1,2,2,2,1,Warm
MST-3/Colin_Powell_LFWColin_Powell_0122_face_1.jpg,2,Low,1,Warm,1,1,1,1,1,1,Cool
MST-3/Colin_Powell_LFWColin_Powell_0123_face_1.jpg,2,Medium,1,Warm,2,1,2,1,1,1,Warm
MST-3/Colin_Powell_LFWColin_Powell_0124_face_1.jpg,2,Medium,2,Neutral,1,3,2,2,3,1,Neutral
MST-3/Colin_Powell_LFWColin_Powell_0125_face_1.jpg,2,Medium,2,Cool,1,2,1,3,2,3,Cool
MST-3/Colin_Powell_LFWColin_Powell_0126_face_1.jpg,2,Medium,2,Cool,1,2,1,1,2,2,Neutral
MST-3/Colin_Powell_LFWColin_Powell_0127_face_1.jpg,2,Low,1,Warm,1,1,2,2,3,1,Neutral
MST-3/Colin_Powell_LFWColin_Powell_0128_face_1.jpg,2,Medium,1,Warm,2,2,2,2,2,1,Neutral
MST-3/Colin_Powell_LFWColin_Powell_0129_face_1.jpg,2,Medium,1,Warm,1,1,2,1,1,1,Cool
MST-3/Colin_Powell_LFWColin_Powell_0130_face_1.jpg,2,Medium,1,Cool,2,1,1,2,1,1,Cool
MST-3/Colin_Powell_LFWColin_Powell_0131_face_1.jpg,2,Medium,2,Warm,1,2,2,1,2,2,Neutral
MST-3/Colin_Powell_LFWColin_Powell_0132_face_1.jpg,2,Low,1,Warm,3,2,2,1,3,2,Neutral
MST-3/Colin_Powell_LFWColin_Powell_0133_face_1.jpg,2,Medium,2,Warm,3,3,3,3,3,2,Neutral
MST-3/Colin_Powell_LFWColin_Powell_0134_face_1.jpg,2,Low,1,Warm,3,2,3,1,4,2,Cool
MST-3/Colin_Powell_LFWColin_Powell_0135_face_1.jpg,2,Medium,1,Warm,1,2,2,2,2,1,Warm
MST-3/Colin_Powell_LFWColin_Powell_0136_face_1.jpg,2,Low,1,Warm,1,2,2,2,2,2,Neutral
MST-3/Colin_Powell_LFWColin_Powell_0137_face_1.jpg,2,Medium,1,Warm,1,2,1,2,2,2,Warm
MST-3/Colin_Powell_LFWColin_Powell_0138_face_1.jpg,2,Medium,5,Cool,2,2,3,2,1,4,Warm
MST-3/Colin_Powell_LFWColin_Powell_0139_face_1.jpg,2,Low,2,Warm,1,2,2,2,2,2,Neutral
MST-3/Colin_Powell_LFWColin_Powell_0140_face_1.jpg,2,Medium,1,Warm,1,2,1,2,3,1,Neutral
MST-3/Colin_Powell_LFWColin_Powell_0141_face_1.jpg,2,Medium,1,Cool,1,1,1,1,2,1,Neutral
MST-3/Colin_Powell_LFWColin_Powell_0142_face_1.jpg,2,Medium,2,Cool,2,1,1,1,2,1,Neutral
MST-3/Colin_Powell_LFWColin_Powell_0143_face_1.jpg,2,Medium,1,Cool,1,1,1,1,1,1,Cool
MST-3/Colin_Powell_LFWColin_Powell_0144_face_1.jpg,2,Medium,1,Neutral,1,1,1,1,2,1,Cool
MST-3/Colin_Powell_LFWColin_Powell_0145_face_1.jpg,2,Medium,1,Cool,1,4,1,1,1,1,Cool
MST-3/Colin_Powell_LFWColin_Powell_0146_face_1.jpg,2,Medium,2,Warm,1,1,1,1,2,2,Cool
MST-3/Colin_Powell_LFWColin_Powell_0147_face_1.jpg,2,Medium,1,Neutral,1,1,1,1,1,1,Cool
MST-3/Colin_Powell_LFWColin_Powell_0148_face_1.jpg,2,Medium,1,Cool,1,1,1,1,2,1,Warm
MST-3/Colin_Powell_LFWColin_Powell_0149_face_1.jpg,2,Medium,1,Warm,2,1,1,2,3,2,Warm
MST-3/Colin_Powell_LFWColin_Powell_0150_face_1.jpg,2,Medium,1,Warm,2,1,1,2,2,1,Neutral
MST-3/Colin_Powell_LFWColin_Powell_0151_face_1.jpg,2,Medium,1,Warm,2,2,1,3,2,1,Cool
MST-3/Colin_Powell_LFWColin_Powell_0152_face_1.jpg,2,Medium,1,Warm,1,2,1,2,2,1,Warm
MST-3/Colin_Powell_LFWColin_Powell_0153_face_1.jpg,2,Medium,1,Warm,1,1,1,1,2,1,Warm
MST-3/Colin_Powell_LFWColin_Powell_0154_face_1.jpg,2,Medium,1,Cool,1,1,2,1,3,1,Cool
MST-3/Colin_Powell_LFWColin_Powell_0155_face_1.jpg,2,Low,1,Warm,2,2,1,3,2,2,Cool
MST-3/Colin_Powell_LFWColin_Powell_0156_face_1.jpg,2,Low,1,Warm,2,1,1,2,2,1,Cool
MST-3/Colin_Powell_LFWColin_Powell_0157_face_1.jpg,2,Low,1,Warm,1,1,1,1,1,1,Cool
MST-3/Colin_Powell_LFWColin_Powell_0158_face_1.jpg,2,Medium,1,Warm,2,1,2,2,2,1,Cool
MST-3/Colin_Powell_LFWColin_Powell_0159_face_1.jpg,2,Medium,1,Cool,2,1,1,1,1,1,Cool
MST-3/Colin_Powell_LFWColin_Powell_0160_face_1.jpg,2,Medium,1,Cool,1,2,2,1,2,1,Cool
MST-3/Colin_Powell_LFWColin_Powell_0161_face_1.jpg,2,Medium,1,Warm,2,1,2,2,2,2,Neutral
MST-3/Colin_Powell_LFWColin_Powell_0162_face_1.jpg,2,Medium,2,Neutral,2,1,1,1,4,2,Warm
MST-3/Colin_Powell_LFWColin_Powell_0163_face_1.jpg,2,Medium,2,Cool,1,3,1,1,2,2,Cool
MST-3/Colin_Powell_LFWColin_Powell_0164_face_1.jpg,2,Medium,2,Cool,1,2,1,1,2,2,Neutral
MST-3/Colin_Powell_LFWColin_Powell_0165_face_1.jpg,2,Medium,1,Cool,2,1,1,2,2,1,Cool
MST-3/Colin_Powell_LFWColin_Powell_0166_face_1.jpg,2,Low,2,Warm,1,1,2,1,2,1,Neutral
MST-3/Colin_Powell_LFWColin_Powell_0167_face_1.jpg,2,Medium,1,Cool,1,1,1,1,2,1,Cool
MST-3/Colin_Powell_LFWColin_Powell_0168_face_1.jpg,2,Medium,1,Warm,1,1,1,1,4,1,Cool
MST-3/Colin_Powell_LFWColin_Powell_0169_face_1.jpg,2,Medium,2,Warm,1,2,1,1,2,2,Warm
MST-3/Colin_Powell_LFWColin_Powell_0170_face_1.jpg,2,Medium,1,Cool,1,1,1,1,1,1,Cool
MST-3/Colin_Powell_LFWColin_Powell_0171_face_1.jpg,2,Medium,1,Cool,1,2,1,2,2,1,Neutral
MST-3/Colin_Powell_LFWColin_Powell_0172_face_1.jpg,2,Low,2,Warm,1,1,1,1,3,1,Cool
MST-3/Colin_Powell_LFWColin_Powell_0173_face_1.jpg,2,Medium,1,Neutral,1,2,1,1,2,1,Cool
MST-3/Colin_Powell_LFWColin_Powell_0174_face_1.jpg,2,Medium,1,Cool,1,1,1,1,4,1,Cool
MST-3/Colin_Powell_LFWColin_Powell_0175_face_1.jpg,2,Medium,1,Neutral,1,1,1,1,2,1,Warm
MST-3/Colin_Powell_LFWColin_Powell_0176_face_1.jpg,2,Medium,2,Warm,1,1,2,2,3,1,Neutral
MST-3/Colin_Powell_LFWColin_Powell_0177_face_1.jpg,2,Low,2,Warm,1,1,2,2,2,2,Warm
MST-3/Colin_Powell_LFWColin_Powell_0178_face_1.jpg,2,Low,1,Warm,2,2,2,1,2,2,Neutral
MST-3/Colin_Powell_LFWColin_Powell_0179_face_1.jpg,2,Medium,1,Cool,1,1,1,1,1,1,Cool
MST-3/Colin_Powell_LFWColin_Powell_0180_face_1.jpg,2,Low,2,Warm,1,2,2,2,2,2,Warm
MST-3/Colin_Powell_LFWColin_Powell_0181_face_1.jpg,2,Medium,1,Warm,1,1,2,2,2,1,Warm
MST-3/Colin_Powell_LFWColin_Powell_0182_face_1.jpg,2,Medium,1,Warm,1,2,2,3,2,1,Neutral
MST-3/Colin_Powell_LFWColin_Powell_0183_face_1.jpg,2,Medium,2,Cool,1,2,1,1,2,2,Cool
MST-3/Colin_Powell_LFWColin_Powell_0184_face_1.jpg,2,Medium,1,Cool,1,2,1,4,2,2,Cool
MST-3/Colin_Powell_LFWColin_Powell_0185_face_1.jpg,2,Medium,1,Warm,1,1,1,1,6,1,Neutral
MST-3/Colin_Powell_LFWColin_Powell_0186_face_1.jpg,2,Medium,1,Warm,2,1,1,1,4,1,Cool
MST-3/Colin_Powell_LFWColin_Powell_0187_face_1.jpg,2,Medium,1,Warm,1,1,1,2,1,1,Cool
MST-3/Colin_Powell_LFWColin_Powell_0188_face_1.jpg,2,Medium,1,Neutral,2,1,1,1,1,1,Neutral
MST-3/Colin_Powell_LFWColin_Powell_0189_face_1.jpg,2,Medium,2,Warm,2,2,1,2,2,2,Warm
MST-3/Colin_Powell_LFWColin_Powell_0190_face_1.jpg,2,Low,1,Warm,2,1,1,1,2,1,Neutral
MST-3/Colin_Powell_LFWColin_Powell_0191_face_1.jpg,2,Medium,1,Warm,1,1,2,1,3,2,Cool
MST-3/Colin_Powell_LFWColin_Powell_0192_face_1.jpg,2,Low,1,Warm,2,1,2,2,2,2,Neutral
MST-3/Colin_Powell_LFWColin_Powell_0193_face_1.jpg,2,Medium,2,Warm,2,1,1,2,2,2,Neutral
MST-3/Colin_Powell_LFWColin_Powell_0194_face_1.jpg,2,Medium,1,Warm,1,1,1,1,2,1,Cool
MST-3/Colin_Powell_LFWColin_Powell_0195_face_1.jpg,2,Medium,1,Warm,1,2,1,1,2,1,Neutral
MST-3/Colin_Powell_LFWColin_Powell_0196_face_1.jpg,2,Medium,2,Warm,1,3,2,1,3,2,Neutral
MST-3/Colin_Powell_LFWColin_Powell_0197_face_1.jpg,2,Medium,2,Warm,1,1,1,2,2,2,Cool
MST-3/Colin_Powell_LFWColin_Powell_0198_face_1.jpg,2,Medium,2,Warm,1,1,1,2,2,1,Neutral
MST-3/Colin_Powell_LFWColin_Powell_0199_face_1.jpg,2,Medium,2,Warm,1,1,1,1,2,2,Neutral
MST-3/Colin_Powell_LFWColin_Powell_0200_face_1.jpg,2,Medium,2,Cool,1,2,1,1,2,2,Neutral
MST-3/Colin_Powell_LFWColin_Powell_0201_face_1.jpg,2,Medium,1,Cool,1,1,1,1,4,1,Cool
MST-3/Colin_Powell_LFWColin_Powell_0202_face_1.jpg,2,Medium,1,Warm,1,1,1,1,4,1,Neutral
MST-3/Colin_Powell_LFWColin_Powell_0203_face_1.jpg,2,Medium,1,Warm,1,1,1,1,2,1,Cool
MST-3/Colin_Powell_LFWColin_Powell_0204_face_1.jpg,2,Medium,2,Warm,2,1,1,2,1,2,Cool
MST-3/Colin_Powell_LFWColin_Powell_0205_face_1.jpg,2,Medium,1,Warm,1,1,2,1,1,1,Neutral
MST-3/Colin_Powell_LFWColin_Powell_0206_face_1.jpg,2,Medium,5,Warm,1,4,3,2,2,4,Cool
MST-3/Colin_Powell_LFWColin_Powell_0207_face_1.jpg,2,Medium,1,Warm,1,1,1,1,1,1,Cool
MST-3/Colin_Powell_LFWColin_Powell_0208_face_1.jpg,2,Low,2,Warm,2,2,1,2,2,2,Cool
MST-3/Colin_Powell_LFWColin_Powell_0209_face_1.jpg,2,Medium,1,Warm,2,2,1,2,3,1,Neutral
MST-3/Colin_Powell_LFWColin_Powell_0210_face_1.jpg,2,Medium,1,Cool,1,2,1,2,1,1,Neutral
MST-3/Colin_Powell_LFWColin_Powell_0211_face_1.jpg,2,Medium,2,Warm,2,2,1,2,2,2,Warm
MST-3/Colin_Powell_LFWColin_Powell_0212_face_1.jpg,2,Medium,1,Cool,1,1,1,1,4,1,Neutral
MST-3/Colin_Powell_LFWColin_Powell_0213_face_1.jpg,2,Low,1,Warm,2,2,3,2,2,1,Neutral
MST-3/Colin_Powell_LFWColin_Powell_0214_face_1.jpg,2,Medium,1,Neutral,1,2,1,2,2,2,Cool
MST-3/Colin_Powell_LFWColin_Powell_0215_face_1.jpg,2,Medium,1,Cool,1,1,1,1,1,1,Cool
MST-3/Colin_Powell_LFWColin_Powell_0216_face_1.jpg,2,Medium,1,Cool,1,1,1,1,1,1,Cool
MST-3/Colin_Powell_LFWColin_Powell_0217_face_1.jpg,2,Medium,1,Neutral,1,2,1,2,1,1,Cool
MST-3/Colin_Powell_LFWColin_Powell_0218_face_1.jpg,2,Medium,1,Warm,1,1,1,2,2,1,Cool
MST-3/Colin_Powell_LFWColin_Powell_0219_face_1.jpg,2,Medium,1,Warm,2,1,2,3,3,2,Neutral
MST-3/Colin_Powell_LFWColin_Powell_0220_face_1.jpg,2,Low,1,Cool,1,1,1,1,1,1,Cool
MST-3/Colin_Powell_LFWColin_Powell_0221_face_1.jpg,2,Medium,1,Warm,1,2,2,3,2,1,Neutral
MST-3/Colin_Powell_LFWColin_Powell_0222_face_1.jpg,2,Medium,1,Warm,1,2,1,2,3,1,Warm
MST-3/Colin_Powell_LFWColin_Powell_0223_face_1.jpg,2,Medium,1,Neutral,1,2,2,1,1,1,Cool
MST-3/Colin_Powell_LFWColin_Powell_0224_face_1.jpg,2,Medium,1,Cool,1,6,2,3,1,1,Cool
MST-3/Colin_Powell_LFWColin_Powell_0225_face_1.jpg,2,Medium,1,Warm,1,2,2,1,2,1,Neutral
MST-3/Colin_Powell_LFWColin_Powell_0226_face_1.jpg,2,Low,2,Warm,2,3,3,3,2,2,Neutral
MST-3/Colin_Powell_LFWColin_Powell_0227_face_1.jpg,2,Low,2,Warm,3,2,2,2,2,2,Neutral
MST-3/Colin_Powell_LFWColin_Powell_0228_face_1.jpg,2,Medium,1,Cool,1,1,1,1,2,1,Warm
MST-3/Colin_Powell_LFWColin_Powell_0229_face_1.jpg,2,Medium,1,Warm,1,2,1,1,2,1,Cool
MST-3/Colin_Powell_LFWColin_Powell_0230_face_1.jpg,2,Medium,1,Warm,2,1,1,2,1,1,Neutral
MST-3/Colin_Powell_LFWColin_Powell_0231_face_1.jpg,2,Medium,1,Warm,1,1,1,2,4,1,Cool
MST-3/Colin_Powell_LFWColin_Powell_0232_face_1.jpg,2,Medium,1,Warm,1,2,1,2,3,1,Cool
MST-3/Colin_Powell_LFWColin_Powell_0233_face_1.jpg,2,Medium,1,Warm,1,2,2,3,2,2,Cool
MST-3/Colin_Powell_LFWColin_Powell_0234_face_1.jpg,2,Medium,1,Warm,1,1,3,1,1,1,Cool
MST-3/Colin_Powell_LFWColin_Powell_0235_face_1.jpg,2,Medium,1,Cool,1,2,1,2,2,1,Neutral
MST-3/Colin_Powell_LFWColin_Powell_0236_face_1.jpg,2,Medium,2,Warm,1,1,1,2,1,2,Cool
MST-3/Edward_Lu_LFWEdward_Lu_0001_face_1.jpg,2,Medium,3,Warm,2,2,2,2,2,2,Warm
MST-3/Edward_Lu_LFWEdward_Lu_0002_face_1.jpg,2,Low,2,Warm,3,3,3,3,2,2,Neutral
MST-3/Edward_Lu_LFWEdward_Lu_0003_face_1.jpg,2,Medium,1,Warm,1,1,1,1,2,1,Neutral
MST-3/Edward_Lu_LFWEdward_Lu_0004_face_1.jpg,2,Medium,2,Warm,1,2,1,1,2,2,Warm
MST-3/Edward_Lu_LFWEdward_Lu_0005_face_1.jpg,2,Medium,2,Warm,2,1,1,2,2,2,Neutral
MST-3/Edward_Lu_LFWEdward_Lu_0006_face_1.jpg,2,Low,2,Warm,3,3,2,1,2,2,Neutral
MST-3/ggrego_Faces 94ggrego.10_face_1.jpg,2,Low,2,Warm,2,1,2,2,1,2,Warm
MST-3/ggrego_Faces 94ggrego.11_face_1.jpg,2,Low,2,Warm,2,1,3,2,1,2,Cool
MST-3/ggrego_Faces 94ggrego.12_face_1.jpg,2,Low,2,Neutral,2,1,3,2,2,2,Cool
MST-3/ggrego_Faces 94ggrego.13_face_1.jpg,2,Low,3,Warm,2,2,3,2,2,2,Cool
MST-3/ggrego_Faces 94ggrego.14_face_1.jpg,2,Low,2,Neutral,2,1,2,2,2,2,Cool
MST-3/ggrego_Faces 94ggrego.15_face_1.jpg,2,Low,2,Warm,2,2,3,2,2,2,Cool
MST-3/ggrego_Faces 94ggrego.16_face_1.jpg,2,Low,2,Warm,2,2,3,2,2,2,Warm
MST-3/ggrego_Faces 94ggrego.17_face_1.jpg,2,Low,2,Neutral,2,1,2,2,2,2,Warm
MST-3/ggrego_Faces 94ggrego.18_face_1.jpg,2,Low,2,Neutral,2,2,3,2,2,2,Warm
MST-3/ggrego_Faces 94ggrego.19_face_1.jpg,2,Low,2,Neutral,2,1,2,2,1,2,Warm
MST-3/ggrego_Faces 94ggrego.1_face_1.jpg,2,Low,2,Cool,2,1,2,1,2,1,Warm
MST-3/ggrego_Faces 94ggrego.20_face_1.jpg,2,Low,2,Neutral,2,2,3,2,1,2,Warm
MST-3/ggrego_Faces 94ggrego.2_face_1.jpg,2,Low,2,Cool,2,1,2,2,1,1,Warm
MST-3/ggrego_Faces 94ggrego.3_face_1.jpg,2,Low,2,Cool,2,2,2,2,2,1,Warm
MST-3/ggrego_Faces 94ggrego.4_face_1.jpg,2,Low,2,Cool,2,2,2,2,2,2,Warm
MST-3/ggrego_Faces 94ggrego.5_face_1.jpg,2,Low,2,Neutral,2,1,2,2,2,2,Warm
MST-3/ggrego_Faces 94ggrego.6_face_1.jpg,2,Low,2,Warm,2,2,1,2,3,2,Cool
MST-3/ggrego_Faces 94ggrego.7_face_1.jpg,2,Low,2,Neutral,2,2,2,2,2,2,Cool
MST-3/ggrego_Faces 94ggrego.8_face_1.jpg,2,Low,2,Warm,2,2,3,2,2,2,Cool
MST-3/ggrego_Faces 94ggrego.9_face_1.jpg,2,Low,2,Neutral,2,2,2,2,2,2,Cool
MST-3/Gloria_Macapagal_Arroyo_LFWGloria_Macapagal_Arroyo_0001_face_1.jpg,2,Low,2,Warm,2,2,1,1,3,2,Neutral
MST-3/Gloria_Macapagal_Arroyo_LFWGloria_Macapagal_Arroyo_0002_face_1.jpg,2,Low,2,Warm,2,2,2,2,2,2,Neutral
MST-3/Gloria_Macapagal_Arroyo_LFWGloria_Macapagal_Arroyo_0003_face_1.jpg,2,Medium,3,Cool,3,2,1,1,1,2,Warm
MST-3/Gloria_Macapagal_Arroyo_LFWGloria_Macapagal_Arroyo_0004_face_1.jpg,2,Low,3,Neutral,2,2,3,2,2,3,Neutral
MST-3/Gloria_Macapagal_Arroyo_LFWGloria_Macapagal_Arroyo_0005_face_1.jpg,2,Low,3,Warm,3,3,3,3,2,3,Cool
MST-3/Gloria_Macapagal_Arroyo_LFWGloria_Macapagal_Arroyo_0006_face_1.jpg,2,Low,2,Warm,2,3,1,2,3,3,Neutral
MST-3/Gloria_Macapagal_Arroyo_LFWGloria_Macapagal_Arroyo_0007_face_1.jpg,2,Low,3,Warm,3,3,3,3,3,3,Warm
MST-3/Gloria_Macapagal_Arroyo_LFWGloria_Macapagal_Arroyo_0008_face_1.jpg,2,Medium,2,Warm,1,3,1,2,2,2,Warm
MST-3/Gloria_Macapagal_Arroyo_LFWGloria_Macapagal_Arroyo_0009_face_1.jpg,2,Medium,3,Warm,2,1,2,2,2,2,Neutral
MST-3/Gloria_Macapagal_Arroyo_LFWGloria_Macapagal_Arroyo_0010_face_1.jpg,2,Medium,3,Cool,3,2,1,1,1,3,Neutral
MST-3/Gloria_Macapagal_Arroyo_LFWGloria_Macapagal_Arroyo_0011_face_1.jpg,2,Medium,2,Warm,2,3,2,1,2,2,Cool
MST-3/Gloria_Macapagal_Arroyo_LFWGloria_Macapagal_Arroyo_0012_face_1.jpg,2,Medium,1,Warm,1,1,3,1,2,1,Warm
MST-3/Gloria_Macapagal_Arroyo_LFWGloria_Macapagal_Arroyo_0013_face_1.jpg,2,Low,3,Warm,2,3,3,3,2,3,Neutral
MST-3/Gloria_Macapagal_Arroyo_LFWGloria_Macapagal_Arroyo_0014_face_1.jpg,2,Medium,2,Warm,2,1,3,2,1,2,Cool
MST-3/Gloria_Macapagal_Arroyo_LFWGloria_Macapagal_Arroyo_0015_face_1.jpg,2,Medium,3,Warm,2,2,2,1,2,3,Neutral
MST-3/Gloria_Macapagal_Arroyo_LFWGloria_Macapagal_Arroyo_0016_face_1.jpg,2,Low,2,Warm,1,2,1,1,2,2,Cool
MST-3/Gloria_Macapagal_Arroyo_LFWGloria_Macapagal_Arroyo_0017_face_1.jpg,2,Medium,1,Warm,1,1,1,1,2,1,Warm
MST-3/Gloria_Macapagal_Arroyo_LFWGloria_Macapagal_Arroyo_0018_face_1.jpg,2,Medium,2,Neutral,2,2,3,2,1,3,Neutral
MST-3/Gloria_Macapagal_Arroyo_LFWGloria_Macapagal_Arroyo_0019_face_1.jpg,2,Medium,2,Warm,2,2,2,2,1,2,Neutral
MST-3/Gloria_Macapagal_Arroyo_LFWGloria_Macapagal_Arroyo_0020_face_1.jpg,2,Low,2,Warm,2,2,2,3,2,2,Warm
MST-3/Gloria_Macapagal_Arroyo_LFWGloria_Macapagal_Arroyo_0021_face_1.jpg,2,Medium,2,Warm,1,1,2,2,2,2,Neutral
MST-3/Gloria_Macapagal_Arroyo_LFWGloria_Macapagal_Arroyo_0022_face_1.jpg,2,Medium,2,Cool,1,1,1,2,2,2,Neutral
MST-3/Gloria_Macapagal_Arroyo_LFWGloria_Macapagal_Arroyo_0023_face_1.jpg,2,Medium,2,Warm,2,2,3,2,2,2,Warm
MST-3/Gloria_Macapagal_Arroyo_LFWGloria_Macapagal_Arroyo_0024_face_1.jpg,2,Medium,2,Neutral,2,3,1,1,1,2,Neutral
MST-3/Gloria_Macapagal_Arroyo_LFWGloria_Macapagal_Arroyo_0025_face_1.jpg,2,Medium,3,Neutral,2,2,3,2,2,3,Neutral
MST-3/Gloria_Macapagal_Arroyo_LFWGloria_Macapagal_Arroyo_0026_face_1.jpg,2,Low,1,Warm,2,2,1,1,1,2,Cool
MST-3/Gloria_Macapagal_Arroyo_LFWGloria_Macapagal_Arroyo_0027_face_1.jpg,2,Medium,2,Cool,2,3,1,2,1,2,Cool
MST-3/Gloria_Macapagal_Arroyo_LFWGloria_Macapagal_Arroyo_0028_face_1.jpg,2,Medium,2,Neutral,1,3,2,1,1,1,Cool
MST-3/Gloria_Macapagal_Arroyo_LFWGloria_Macapagal_Arroyo_0029_face_1.jpg,2,Medium,3,Warm,3,3,2,1,2,2,Neutral
MST-3/Gloria_Macapagal_Arroyo_LFWGloria_Macapagal_Arroyo_0030_face_1.jpg,2,Medium,3,Warm,2,3,3,1,2,3,Neutral
MST-3/Gloria_Macapagal_Arroyo_LFWGloria_Macapagal_Arroyo_0031_face_1.jpg,2,Medium,3,Warm,3,3,3,1,1,2,Neutral
MST-3/Gloria_Macapagal_Arroyo_LFWGloria_Macapagal_Arroyo_0032_face_1.jpg,2,Low,2,Warm,2,1,2,2,2,2,Neutral
MST-3/Gloria_Macapagal_Arroyo_LFWGloria_Macapagal_Arroyo_0033_face_1.jpg,2,Low,2,Neutral,1,2,1,2,2,1,Warm
MST-3/Gloria_Macapagal_Arroyo_LFWGloria_Macapagal_Arroyo_0034_face_1.jpg,2,Medium,2,Neutral,2,1,2,1,1,2,Warm
MST-3/Gloria_Macapagal_Arroyo_LFWGloria_Macapagal_Arroyo_0035_face_1.jpg,2,Low,2,Neutral,2,2,1,1,1,2,Warm
MST-3/Gloria_Macapagal_Arroyo_LFWGloria_Macapagal_Arroyo_0036_face_1.jpg,2,Low,2,Warm,2,1,3,2,2,2,Warm
MST-3/Gloria_Macapagal_Arroyo_LFWGloria_Macapagal_Arroyo_0037_face_1.jpg,2,Low,3,Warm,1,3,2,2,3,2,Warm
MST-3/Gloria_Macapagal_Arroyo_LFWGloria_Macapagal_Arroyo_0038_face_1.jpg,2,Low,3,Warm,2,2,2,1,2,2,Cool
MST-3/Gloria_Macapagal_Arroyo_LFWGloria_Macapagal_Arroyo_0039_face_1.jpg,2,Medium,1,Warm,2,2,1,1,2,2,Neutral
MST-3/Gloria_Macapagal_Arroyo_LFWGloria_Macapagal_Arroyo_0040_face_1.jpg,2,Medium,2,Warm,2,3,2,2,2,2,Warm
MST-3/Gloria_Macapagal_Arroyo_LFWGloria_Macapagal_Arroyo_0041_face_1.jpg,2,Low,3,Warm,2,3,1,3,1,2,Neutral
MST-3/Gloria_Macapagal_Arroyo_LFWGloria_Macapagal_Arroyo_0042_face_1.jpg,2,Medium,2,Warm,2,2,2,2,2,2,Warm
MST-3/Gloria_Macapagal_Arroyo_LFWGloria_Macapagal_Arroyo_0043_face_1.jpg,2,Medium,2,Warm,2,3,1,2,1,2,Neutral
MST-3/Gloria_Macapagal_Arroyo_LFWGloria_Macapagal_Arroyo_0044_face_1.jpg,2,Medium,2,Warm,2,2,3,1,1,2,Neutral
MST-3/John_Kerry_LFWJohn_Kerry_0001_face_1.jpg,2,Medium,1,Warm,2,1,2,1,2,1,Neutral
MST-3/John_Kerry_LFWJohn_Kerry_0002_face_1.jpg,2,Medium,2,Warm,2,2,1,1,3,2,Warm
MST-3/John_Kerry_LFWJohn_Kerry_0003_face_1.jpg,2,Medium,2,Warm,1,2,2,1,2,2,Warm
MST-3/John_Kerry_LFWJohn_Kerry_0004_face_1.jpg,2,Low,1,Warm,1,1,1,1,2,1,Cool
MST-3/John_Kerry_LFWJohn_Kerry_0005_face_1.jpg,2,Medium,2,Warm,2,2,3,2,2,2,Warm
MST-3/John_Kerry_LFWJohn_Kerry_0006_face_1.jpg,2,Medium,2,Warm,2,1,3,2,1,2,Neutral
MST-3/John_Kerry_LFWJohn_Kerry_0007_face_1.jpg,2,Medium,1,Warm,1,1,2,2,2,2,Neutral
MST-3/John_Kerry_LFWJohn_Kerry_0008_face_1.jpg,2,Medium,1,Warm,3,1,1,1,2,1,Cool
MST-3/John_Kerry_LFWJohn_Kerry_0009_face_1.jpg,2,Medium,1,Warm,1,2,1,1,2,1,Neutral
MST-3/John_Kerry_LFWJohn_Kerry_0010_face_1.jpg,2,Medium,1,Warm,2,2,1,2,2,2,Neutral
MST-3/John_Kerry_LFWJohn_Kerry_0011_face_1.jpg,2,Medium,1,Warm,1,1,5,1,2,2,Cool
MST-3/John_Kerry_LFWJohn_Kerry_0012_face_1.jpg,2,Medium,1,Warm,2,2,1,1,2,1,Cool
MST-3/John_Kerry_LFWJohn_Kerry_0013_face_1.jpg,2,Low,2,Warm,2,1,2,2,2,2,Warm
MST-3/John_Kerry_LFWJohn_Kerry_0014_face_1.jpg,2,Medium,1,Warm,1,1,1,1,2,1,Warm
MST-3/John_Kerry_LFWJohn_Kerry_0015_face_1.jpg,2,Medium,1,Warm,1,1,2,1,2,2,Warm
MST-3/John_Kerry_LFWJohn_Kerry_0016_face_1.jpg,2,Low,2,Warm,2,3,1,2,3,2,Neutral
MST-3/John_Kerry_LFWJohn_Kerry_0017_face_1.jpg,2,Medium,2,Warm,2,2,2,1,2,2,Warm
MST-3/Kevin_Costner_LFWKevin_Costner_0001_face_1.jpg,2,Medium,1,Warm,2,1,1,1,1,2,Cool
MST-3/Kevin_Costner_LFWKevin_Costner_0002_face_1.jpg,2,Medium,1,Warm,2,1,2,1,3,1,Neutral
MST-3/Kevin_Costner_LFWKevin_Costner_0003_face_1.jpg,2,Low,1,Warm,3,1,1,2,1,1,Cool
MST-3/Kevin_Costner_LFWKevin_Costner_0004_face_1.jpg,2,Low,1,Warm,2,3,2,2,2,2,Neutral
MST-3/Kevin_Costner_LFWKevin_Costner_0005_face_1.jpg,2,Medium,1,Warm,1,1,2,1,2,2,Neutral
MST-3/Kevin_Costner_LFWKevin_Costner_0006_face_1.jpg,2,Low,1,Warm,2,1,2,1,1,1,Cool
MST-3/Kevin_Costner_LFWKevin_Costner_0007_face_1.jpg,2,Medium,1,Warm,1,1,1,2,1,1,Cool
MST-3/Kevin_Costner_LFWKevin_Costner_0008_face_1.jpg,2,Medium,2,Neutral,3,2,1,1,1,2,Neutral
MST-3/kmbald_Faces 95kmbald.10_face_1.jpg,2,Low,1,Warm,2,1,1,1,3,1,Cool
MST-3/kmbald_Faces 95kmbald.11_face_1.jpg,2,Low,1,Warm,1,1,1,1,1,1,Cool
MST-3/kmbald_Faces 95kmbald.12_face_1.jpg,2,Low,1,Warm,1,1,1,1,1,1,Cool
MST-3/kmbald_Faces 95kmbald.13_face_1.jpg,2,Low,1,Warm,1,1,1,1,1,1,Cool
MST-3/kmbald_Faces 95kmbald.14_face_1.jpg,2,Low,1,Warm,1,1,1,1,1,1,Cool
MST-3/kmbald_Faces 95kmbald.15_face_1.jpg,2,Low,1,Warm,1,1,1,1,1,1,Cool
MST-3/kmbald_Faces 95kmbald.16_face_1.jpg,2,Low,1,Warm,1,1,1,1,1,1,Cool
MST-3/kmbald_Faces 95kmbald.17_face_1.jpg,2,Low,1,Warm,1,1,1,1,1,1,Cool
MST-3/kmbald_Faces 95kmbald.18_face_1.jpg,2,Low,1,Warm,1,1,1,1,1,1,Cool
MST-3/kmbald_Faces 95kmbald.19_face_1.jpg,2,Low,1,Warm,1,1,1,1,1,1,Cool
MST-3/kmbald_Faces 95kmbald.1_face_1.jpg,2,Low,1,Warm,2,1,1,1,1,1,Cool
MST-3/kmbald_Faces 95kmbald.20_face_1.jpg,2,Low,1,Warm,1,1,1,1,1,1,Cool
MST-3/kmbald_Faces 95kmbald.2_face_1.jpg,2,Low,1,Warm,1,1,1,1,1,1,Cool
MST-3/kmbald_Faces 95kmbald.3_face_1.jpg,2,Low,1,Warm,2,1,1,1,1,1,Cool
MST-3/kmbald_Faces 95kmbald.4_face_1.jpg,2,Low,1,Warm,2,1,1,1,1,1,Cool
MST-3/kmbald_Faces 95kmbald.5_face_1.jpg,2,Low,1,Warm,1,1,1,1,1,1,Cool
MST-3/kmbald_Faces 95kmbald.6_face_1.jpg,2,Low,1,Warm,1,1,1,1,1,1,Cool
MST-3/kmbald_Faces 95kmbald.7_face_1.jpg,2,Low,1,Warm,1,1,1,1,1,1,Cool
MST-3/kmbald_Faces 95kmbald.8_face_1.jpg,2,Low,1,Warm,2,1,1,1,1,1,Cool
MST-3/kmbald_Faces 95kmbald.9_face_1.jpg,2,Low,1,Warm,1,1,1,1,1,1,Cool
MST-3/Li_Peng_LFWLi_Peng_0001_face_1.jpg,2,Low,2,Warm,2,2,1,2,2,2,Neutral
MST-3/Li_Peng_LFWLi_Peng_0002_face_1.jpg,2,Medium,2,Warm,1,2,2,2,3,2,Neutral
MST-3/Li_Peng_LFWLi_Peng_0003_face_1.jpg,2,Medium,2,Warm,2,3,1,2,2,2,Neutral
MST-3/Li_Peng_LFWLi_Peng_0004_face_1.jpg,2,Medium,3,Warm,2,3,1,2,2,3,Neutral
MST-3/Li_Peng_LFWLi_Peng_0005_face_1.jpg,2,Medium,2,Warm,2,2,2,2,3,2,Neutral
MST-3/Li_Peng_LFWLi_Peng_0006_face_1.jpg,2,Low,3,Warm,3,2,1,2,2,3,Cool
MST-3/Li_Peng_LFWLi_Peng_0007_face_1.jpg,2,Medium,2,Warm,2,1,1,2,2,2,Neutral
MST-3/Li_Peng_LFWLi_Peng_0008_face_1.jpg,2,Medium,2,Neutral,2,3,1,1,1,2,Cool
MST-3/Li_Peng_LFWLi_Peng_0009_face_1.jpg,2,Medium,2,Warm,1,3,1,1,2,1,Neutral
MST-3/Michael_Bloomberg_LFWMichael_Bloomberg_0001_face_1.jpg,2,High,1,Cool,1,1,1,1,3,1,Neutral
MST-3/Michael_Bloomberg_LFWMichael_Bloomberg_0002_face_1.jpg,2,Medium,1,Warm,1,2,1,1,1,1,Cool
MST-3/Michael_Bloomberg_LFWMichael_Bloomberg_0003_face_1.jpg,2,Medium,1,Warm,1,3,2,3,1,2,Neutral
MST-3/Michael_Bloomberg_LFWMichael_Bloomberg_0004_face_1.jpg,2,Low,1,Warm,1,2,1,1,1,1,Cool
MST-3/Michael_Bloomberg_LFWMichael_Bloomberg_0005_face_1.jpg,2,High,1,Cool,1,1,1,1,1,1,Cool
MST-3/Michael_Bloomberg_LFWMichael_Bloomberg_0006_face_1.jpg,2,Medium,1,Warm,1,1,1,2,1,1,Neutral
MST-3/Michael_Bloomberg_LFWMichael_Bloomberg_0008_face_1.jpg,2,Medium,1,Warm,1,2,2,1,1,1,Neutral
MST-3/Michael_Bloomberg_LFWMichael_Bloomberg_0009_face_1.jpg,2,Medium,2,Warm,1,2,1,2,2,2,Neutral
MST-3/Michael_Bloomberg_LFWMichael_Bloomberg_0010_face_1.jpg,2,Medium,1,Warm,1,1,2,1,2,1,Neutral
MST-3/Michael_Bloomberg_LFWMichael_Bloomberg_0011_face_1.jpg,2,Medium,1,Warm,1,1,1,1,3,1,Neutral
MST-3/Michael_Bloomberg_LFWMichael_Bloomberg_0012_face_1.jpg,2,Low,3,Cool,1,1,3,4,1,3,Cool
MST-3/Michael_Bloomberg_LFWMichael_Bloomberg_0013_face_1.jpg,2,Low,2,Warm,3,2,2,1,2,2,Neutral
MST-3/Michael_Bloomberg_LFWMichael_Bloomberg_0014_face_1.jpg,2,Low,1,Warm,1,1,1,1,1,1,Cool
MST-3/Michael_Bloomberg_LFWMichael_Bloomberg_0015_face_1.jpg,2,Medium,2,Warm,1,2,1,1,2,2,Neutral
MST-3/Michael_Bloomberg_LFWMichael_Bloomberg_0016_face_1.jpg,2,Medium,1,Warm,1,1,1,1,1,1,Cool
MST-3/Michael_Bloomberg_LFWMichael_Bloomberg_0017_face_1.jpg,2,Medium,1,Warm,1,1,1,1,2,1,Cool
MST-3/Michael_Bloomberg_LFWMichael_Bloomberg_0018_face_1.jpg,2,Medium,1,Neutral,1,1,1,1,2,1,Warm
MST-3/Michael_Bloomberg_LFWMichael_Bloomberg_0019_face_1.jpg,2,Medium,1,Warm,1,1,1,1,1,1,Cool
MST-3/Michael_Bloomberg_LFWMichael_Bloomberg_0020_face_1.jpg,2,Medium,1,Cool,1,1,1,1,2,1,Cool
MST-3/moors_Faces 94moors.10_face_1.jpg,2,Medium,2,Warm,1,1,2,1,1,1,Warm
MST-3/moors_Faces 94moors.11_face_1.jpg,2,Medium,2,Neutral,2,1,2,1,1,1,Warm
MST-3/moors_Faces 94moors.12_face_1.jpg,2,Medium,2,Warm,2,2,2,2,1,2,Warm
MST-3/moors_Faces 94moors.13_face_1.jpg,2,Medium,2,Neutral,1,1,2,1,1,1,Warm
MST-3/moors_Faces 94moors.14_face_1.jpg,2,Medium,2,Neutral,1,2,2,2,2,1,Warm
MST-3/moors_Faces 94moors.15_face_1.jpg,2,Medium,2,Warm,1,2,2,2,1,2,Warm
MST-3/moors_Faces 94moors.16_face_1.jpg,2,Medium,2,Neutral,1,2,2,2,1,2,Cool
MST-3/moors_Faces 94moors.17_face_1.jpg,2,Medium,2,Warm,2,2,2,2,1,1,Warm
MST-3/moors_Faces 94moors.18_face_1.jpg,2,Medium,2,Neutral,2,2,2,1,2,1,Warm
MST-3/moors_Faces 94moors.19_face_1.jpg,2,Medium,2,Neutral,1,2,2,2,2,2,Warm
MST-3/moors_Faces 94moors.1_face_1.jpg,2,Medium,2,Neutral,2,2,2,1,1,1,Warm
MST-3/moors_Faces 94moors.20_face_1.jpg,2,Medium,2,Warm,2,2,2,2,1,2,Warm
MST-3/moors_Faces 94moors.2_face_1.jpg,2,Medium,2,Neutral,2,2,2,2,1,2,Cool
MST-3/moors_Faces 94moors.3_face_1.jpg,2,Medium,2,Neutral,1,2,2,2,1,1,Cool
MST-3/moors_Faces 94moors.4_face_1.jpg,2,Medium,2,Neutral,2,3,2,1,1,1,Warm
MST-3/moors_Faces 94moors.5_face_1.jpg,2,Medium,2,Warm,1,3,2,1,1,2,Cool
MST-3/moors_Faces 94moors.6_face_1.jpg,2,Medium,2,Neutral,1,1,2,1,1,2,Warm
MST-3/moors_Faces 94moors.7_face_1.jpg,2,Medium,2,Warm,2,2,2,1,1,2,Cool
MST-3/moors_Faces 94moors.8_face_1.jpg,2,Medium,2,Neutral,2,1,2,2,1,2,Warm
MST-3/moors_Faces 94moors.9_face_1.jpg,2,Medium,2,Neutral,2,3,2,1,1,1,Warm
MST-3/Roger_Federer_LFWRoger_Federer_0001_face_1.jpg,2,Low,2,Warm,2,1,1,2,1,2,Neutral
MST-3/Roger_Federer_LFWRoger_Federer_0002_face_1.jpg,2,Low,1,Warm,3,3,2,2,3,2,Neutral
MST-3/Roger_Federer_LFWRoger_Federer_0003_face_1.jpg,2,Medium,2,Cool,1,1,2,2,6,1,Warm
MST-3/Roger_Federer_LFWRoger_Federer_0004_face_1.jpg,2,Medium,3,Neutral,2,3,2,2,2,2,Neutral
MST-3/Roger_Federer_LFWRoger_Federer_0005_face_1.jpg,2,Medium,1,Cool,3,2,2,2,2,2,Neutral
MST-3/Roger_Federer_LFWRoger_Federer_0006_face_1.jpg,2,Medium,2,Cool,1,1,1,1,3,2,Neutral
MST-3/Roger_Federer_LFWRoger_Federer_0007_face_1.jpg,2,Low,2,Warm,1,2,3,3,3,2,Cool
MST-3/Roger_Federer_LFWRoger_Federer_0008_face_1.jpg,2,Medium,1,Cool,2,1,2,2,2,2,Neutral
MST-3/Roger_Federer_LFWRoger_Federer_0009_face_1.jpg,2,Medium,1,Warm,2,2,1,2,1,2,Warm
MST-3/Roger_Federer_LFWRoger_Federer_0010_face_1.jpg,2,Medium,1,Neutral,2,1,2,1,2,1,Warm
MST-3/Roger_Federer_LFWRoger_Federer_0011_face_1.jpg,2,Medium,3,Cool,3,1,1,1,1,3,Cool
MST-3/Roger_Federer_LFWRoger_Federer_0012_face_1.jpg,2,Medium,4,Cool,3,1,2,2,6,2,Cool
MST-3/Roger_Federer_LFWRoger_Federer_0013_face_1.jpg,2,Medium,2,Cool,3,1,1,2,2,4,Cool
MST-3/Roger_Federer_LFWRoger_Federer_0014_face_1.jpg,2,Low,2,Warm,2,1,3,3,3,2,Cool
MST-3/Silvio_Berlusconi_LFWSilvio_Berlusconi_0001_face_1.jpg,2,Medium,1,Warm,1,2,2,2,2,1,Cool
MST-3/Silvio_Berlusconi_LFWSilvio_Berlusconi_0002_face_1.jpg,2,Medium,1,Warm,1,1,1,1,2,1,Neutral
MST-3/Silvio_Berlusconi_LFWSilvio_Berlusconi_0003_face_1.jpg,2,Low,2,Warm,1,1,1,1,3,2,Cool
MST-3/Silvio_Berlusconi_LFWSilvio_Berlusconi_0004_face_1.jpg,2,Medium,2,Warm,1,2,2,2,2,2,Warm
MST-3/Silvio_Berlusconi_LFWSilvio_Berlusconi_0005_face_1.jpg,2,Medium,1,Cool,1,1,1,1,1,1,Cool
MST-3/Silvio_Berlusconi_LFWSilvio_Berlusconi_0006_face_1.jpg,2,Medium,2,Warm,1,1,2,1,2,1,Cool
MST-3/Silvio_Berlusconi_LFWSilvio_Berlusconi_0007_face_1.jpg,2,Medium,2,Warm,1,2,3,1,3,2,Cool
MST-3/Silvio_Berlusconi_LFWSilvio_Berlusconi_0008_face_1.jpg,2,Medium,1,Neutral,1,1,1,3,2,1,Cool
MST-3/Silvio_Berlusconi_LFWSilvio_Berlusconi_0009_face_1.jpg,2,Low,1,Cool,1,2,1,2,2,5,Cool
MST-3/Silvio_Berlusconi_LFWSilvio_Berlusconi_0010_face_1.jpg,2,Medium,2,Warm,3,1,2,3,3,2,Cool
MST-3/Silvio_Berlusconi_LFWSilvio_Berlusconi_0011_face_1.jpg,2,Medium,1,Warm,1,2,2,1,2,1,Neutral
MST-3/Silvio_Berlusconi_LFWSilvio_Berlusconi_0012_face_1.jpg,2,Medium,2,Warm,2,1,2,1,3,2,Cool
MST-3/Silvio_Berlusconi_LFWSilvio_Berlusconi_0013_face_1.jpg,2,Medium,1,Warm,1,2,2,2,2,1,Cool
MST-3/Silvio_Berlusconi_LFWSilvio_Berlusconi_0014_face_1.jpg,2,Low,2,Warm,1,1,2,2,2,1,Cool
MST-3/Silvio_Berlusconi_LFWSilvio_Berlusconi_0015_face_1.jpg,2,Medium,1,Cool,1,3,1,1,1,1,Cool
MST-3/Silvio_Berlusconi_LFWSilvio_Berlusconi_0016_face_1.jpg,2,Medium,1,Neutral,1,1,1,2,2,1,Warm
MST-3/Silvio_Berlusconi_LFWSilvio_Berlusconi_0017_face_1.jpg,2,Medium,1,Cool,1,4,1,1,1,1,Cool
MST-3/Silvio_Berlusconi_LFWSilvio_Berlusconi_0018_face_1.jpg,2,Medium,1,Warm,1,2,1,2,2,1,Neutral
MST-3/Silvio_Berlusconi_LFWSilvio_Berlusconi_0019_face_1.jpg,2,Medium,1,Warm,2,3,1,2,2,2,Neutral
MST-3/Silvio_Berlusconi_LFWSilvio_Berlusconi_0020_face_1.jpg,2,Low,2,Warm,2,3,2,2,3,3,Neutral
MST-3/Silvio_Berlusconi_LFWSilvio_Berlusconi_0021_face_1.jpg,2,Medium,1,Warm,1,1,1,2,2,1,Cool
MST-3/Silvio_Berlusconi_LFWSilvio_Berlusconi_0022_face_1.jpg,2,Medium,1,Warm,1,2,1,1,2,1,Cool
MST-3/Silvio_Berlusconi_LFWSilvio_Berlusconi_0023_face_1.jpg,2,Medium,1,Warm,1,3,1,2,2,1,Cool
MST-3/Silvio_Berlusconi_LFWSilvio_Berlusconi_0024_face_1.jpg,2,Medium,2,Cool,1,3,2,2,2,2,Cool
MST-3/Silvio_Berlusconi_LFWSilvio_Berlusconi_0025_face_1.jpg,2,Medium,2,Warm,1,2,2,1,3,2,Neutral
MST-3/Silvio_Berlusconi_LFWSilvio_Berlusconi_0026_face_1.jpg,2,Low,2,Warm,3,2,2,2,3,2,Neutral
MST-3/Silvio_Berlusconi_LFWSilvio_Berlusconi_0027_face_1.jpg,2,Medium,1,Warm,2,2,2,1,2,1,Neutral
MST-3/Silvio_Berlusconi_LFWSilvio_Berlusconi_0028_face_1.jpg,2,Low,1,Neutral,1,1,1,2,1,1,Cool
MST-3/Silvio_Berlusconi_LFWSilvio_Berlusconi_0029_face_1.jpg,2,Low,3,Warm,2,3,3,3,3,2,Warm
MST-3/Silvio_Berlusconi_LFWSilvio_Berlusconi_0030_face_1.jpg,2,Medium,1,Warm,2,2,1,1,2,1,Warm
MST-3/Silvio_Berlusconi_LFWSilvio_Berlusconi_0031_face_1.jpg,2,Medium,2,Warm,1,3,2,2,3,1,Neutral
MST-3/Silvio_Berlusconi_LFWSilvio_Berlusconi_0032_face_1.jpg,2,Medium,2,Warm,2,3,2,3,2,2,Cool
MST-3/Silvio_Berlusconi_LFWSilvio_Berlusconi_0033_face_1.jpg,2,Medium,1,Warm,1,1,3,2,3,2,Neutral
MST-3/train_1260_FairFace1260_face_1.jpg,2,Low,1,Warm,3,3,3,3,3,2,Cool
MST-3/train_2918_FairFace2918_face_1.jpg,2,Low,3,Cool,1,3,3,1,2,3,Cool
MST-3/train_3114_FairFace3114_face_1.jpg,2,Low,3,Cool,2,3,2,3,2,3,Cool
MST-3/train_3572_FairFace3572_face_1.jpg,2,Low,2,Cool,1,5,4,4,2,3,Cool
MST-3/train_453_FairFace453_face_1.jpg,2,Low,2,Warm,3,3,3,2,3,3,Cool
MST-3/train_4854_FairFace4854_face_1.jpg,2,Medium,3,Neutral,2,1,3,2,2,3,Cool
MST-3/train_5184_FairFace5184_face_1.jpg,2,Low,2,Cool,1,3,1,1,1,2,Cool
MST-4/128_Brazilian Faces128-01_face_1.jpg,2,Medium,2,Neutral,1,2,2,3,2,2,Cool
MST-4/128_Brazilian Faces128-02_face_1.jpg,2,Low,2,Neutral,2,3,2,2,2,2,Cool
MST-4/128_Brazilian Faces128-03_face_1.jpg,2,Low,2,Neutral,2,2,2,2,2,2,Neutral
MST-4/128_Brazilian Faces128-04_face_1.jpg,2,Low,2,Neutral,2,2,2,2,2,2,Neutral
MST-4/128_Brazilian Faces128-05_face_1.jpg,2,Low,2,Warm,2,2,2,2,1,2,Cool
MST-4/128_Brazilian Faces128-06_face_1.jpg,2,Low,2,Warm,2,2,2,2,1,2,Cool
MST-4/128_Brazilian Faces128-07_face_1.jpg,2,Low,2,Warm,2,2,2,2,1,2,Cool
MST-4/128_Brazilian Faces128-08_face_1.jpg,2,Low,2,Warm,2,2,2,2,2,2,Cool
MST-4/128_Brazilian Faces128-09_face_1.jpg,2,Low,2,Warm,2,2,2,2,2,2,Cool
MST-4/128_Brazilian Faces128-10_face_1.jpg,2,Low,2,Neutral,2,2,2,2,2,2,Cool
MST-4/128_Brazilian Faces128-11_face_1.jpg,2,Low,2,Warm,2,2,2,2,2,2,Cool
MST-4/128_Brazilian Faces128-12_face_1.jpg,2,Low,2,Warm,2,2,2,2,1,2,Cool
MST-4/128_Brazilian Faces128-13_face_1.jpg,2,Low,2,Warm,2,3,2,2,2,2,Neutral
MST-4/128_Brazilian Faces128-14_face_1.jpg,2,Low,2,Neutral,2,2,2,2,6,2,Cool
MST-4/149_Brazilian Faces149-01_face_1.jpg,2,Medium,2,Neutral,2,2,2,2,2,2,Warm
MST-4/149_Brazilian Faces149-02_face_1.jpg,2,Low,2,Warm,2,2,3,2,2,2,Neutral
MST-4/149_Brazilian Faces149-03_face_1.jpg,2,Low,2,Warm,2,3,3,2,2,2,Neutral
MST-4/149_Brazilian Faces149-04_face_1.jpg,2,Low,2,Warm,2,2,3,2,2,2,Warm
MST-4/149_Brazilian Faces149-05_face_1.jpg,2,Low,2,Warm,2,3,3,3,2,2,Warm
MST-4/149_Brazilian Faces149-06_face_1.jpg,2,Low,2,Warm,2,3,3,2,2,2,Warm
MST-4/149_Brazilian Faces149-07_face_1.jpg,2,Low,2,Warm,2,3,3,2,2,2,Warm
MST-4/149_Brazilian Faces149-08_face_1.jpg,2,Low,2,Warm,3,3,2,2,2,2,Warm
MST-4/149_Brazilian Faces149-09_face_1.jpg,2,Low,3,Warm,2,3,2,2,2,2,Warm
MST-4/149_Brazilian Faces149-11_face_1.jpg,2,Low,2,Warm,2,3,3,2,2,2,Warm
MST-4/149_Brazilian Faces149-12_face_1.jpg,2,Low,2,Warm,2,3,2,2,2,2,Warm
MST-4/149_Brazilian Faces149-13_face_1.jpg,2,Low,2,Warm,2,3,3,2,2,2,Neutral
MST-4/149_Brazilian Faces149-14_face_1.jpg,2,Low,2,Warm,2,3,3,2,2,2,Cool
MST-4/4_Brazilian Faces4-01_face_1.jpg,2,Low,2,Neutral,3,2,2,2,2,2,Cool
MST-4/4_Brazilian Faces4-02_face_1.jpg,2,Low,2,Neutral,3,2,2,2,2,2,Cool
MST-4/4_Brazilian Faces4-03_face_1.jpg,2,Low,2,Neutral,3,2,2,2,2,2,Cool
MST-4/4_Brazilian Faces4-04_face_1.jpg,2,Low,2,Warm,3,2,2,2,1,2,Cool
MST-4/4_Brazilian Faces4-05_face_1.jpg,2,Low,2,Neutral,3,2,2,2,1,2,Cool
MST-4/4_Brazilian Faces4-06_face_1.jpg,2,Low,2,Neutral,3,2,2,2,1,2,Cool
MST-4/4_Brazilian Faces4-07_face_1.jpg,2,Low,2,Warm,3,2,2,2,1,2,Cool
MST-4/4_Brazilian Faces4-08_face_1.jpg,2,Low,2,Warm,3,2,2,2,2,2,Cool
MST-4/4_Brazilian Faces4-09_face_1.jpg,2,Low,2,Neutral,3,2,2,2,2,2,Cool
MST-4/4_Brazilian Faces4-11_face_1.jpg,2,Low,2,Neutral,3,3,2,2,1,2,Neutral
MST-4/4_Brazilian Faces4-12_face_1.jpg,2,Low,2,Neutral,3,2,2,2,1,2,Cool
MST-4/4_Brazilian Faces4-13_face_1.jpg,2,Low,2,Warm,3,2,2,2,1,2,Neutral
MST-4/4_Brazilian Faces4-14_face_1.jpg,2,Low,2,Cool,3,2,2,2,2,2,Cool
MST-4/55_Brazilian Faces55-01_face_1.jpg,2,Low,2,Warm,3,3,2,2,3,2,Neutral
MST-4/55_Brazilian Faces55-02_face_1.jpg,2,Low,2,Warm,2,3,2,2,2,2,Neutral
MST-4/55_Brazilian Faces55-03_face_1.jpg,2,Low,2,Warm,2,2,2,2,2,2,Neutral
MST-4/55_Brazilian Faces55-04_face_1.jpg,2,Low,2,Warm,2,2,2,2,2,2,Neutral
MST-4/55_Brazilian Faces55-05_face_1.jpg,2,Low,2,Warm,2,2,2,2,2,2,Neutral
MST-4/55_Brazilian Faces55-06_face_1.jpg,2,Low,2,Warm,2,2,3,2,2,2,Neutral
MST-4/55_Brazilian Faces55-07_face_1.jpg,2,Low,2,Warm,2,2,2,2,2,2,Neutral
MST-4/55_Brazilian Faces55-08_face_1.jpg,2,Low,2,Warm,2,2,2,2,2,2,Neutral
MST-4/55_Brazilian Faces55-09_face_1.jpg,2,Low,2,Warm,2,2,2,2,2,2,Neutral
MST-4/55_Brazilian Faces55-10_face_1.jpg,2,Low,2,Warm,3,2,2,2,2,2,Neutral
MST-4/55_Brazilian Faces55-11_face_1.jpg,2,Low,2,Warm,2,2,2,2,3,2,Neutral
MST-4/55_Brazilian Faces55-12_face_1.jpg,2,Low,2,Warm,2,2,2,2,3,2,Neutral
MST-4/55_Brazilian Faces55-13_face_1.jpg,2,Low,2,Warm,3,2,2,2,6,2,Warm
MST-4/55_Brazilian Faces55-14_face_1.jpg,2,Low,2,Cool,2,2,2,6,6,2,Warm
MST-4/67_Brazilian Faces67-01_face_1.jpg,2,Medium,2,Warm,2,2,2,2,2,3,Warm
MST-4/67_Brazilian Faces67-02_face_1.jpg,2,Low,2,Warm,2,2,2,2,2,2,Warm
MST-4/67_Brazilian Faces67-03_face_1.jpg,2,Low,3,Warm,2,3,2,2,2,2,Warm
MST-4/67_Brazilian Faces67-04_face_1.jpg,2,Low,3,Warm,2,2,2,2,2,2,Warm
MST-4/67_Brazilian Faces67-05_face_1.jpg,2,Low,2,Warm,2,2,2,2,2,2,Warm
MST-4/67_Brazilian Faces67-06_face_1.jpg,2,Low,2,Warm,2,2,2,2,2,2,Warm
MST-4/67_Brazilian Faces67-07_face_1.jpg,2,Low,2,Warm,2,2,2,2,2,2,Warm
MST-4/67_Brazilian Faces67-08_face_1.jpg,2,Low,2,Warm,2,2,2,2,2,2,Warm
MST-4/67_Brazilian Faces67-09_face_1.jpg,2,Low,2,Warm,2,2,2,2,2,2,Warm
MST-4/67_Brazilian Faces67-10_face_1.jpg,2,Medium,2,Warm,2,2,2,2,2,2,Warm
MST-4/67_Brazilian Faces67-11_face_1.jpg,2,Low,2,Warm,2,2,2,2,1,2,Cool
MST-4/67_Brazilian Faces67-12_face_1.jpg,2,Low,2,Warm,2,2,2,2,2,2,Cool
MST-4/67_Brazilian Faces67-13_face_1.jpg,2,Low,3,Warm,2,3,2,2,2,2,Cool
MST-4/78_Brazilian Faces78-01_face_1.jpg,2,Medium,3,Neutral,2,2,2,3,2,3,Neutral
MST-4/78_Brazilian Faces78-02_face_1.jpg,2,Low,2,Warm,2,2,2,2,2,2,Neutral
MST-4/78_Brazilian Faces78-03_face_1.jpg,2,Low,3,Warm,2,3,2,2,2,2,Neutral
MST-4/78_Brazilian Faces78-04_face_1.jpg,2,Low,3,Warm,3,2,2,2,2,2,Warm
MST-4/78_Brazilian Faces78-05_face_1.jpg,2,Low,2,Warm,2,2,2,2,2,2,Warm
MST-4/78_Brazilian Faces78-06_face_1.jpg,2,Low,3,Warm,3,2,2,2,2,2,Neutral
MST-4/78_Brazilian Faces78-07_face_1.jpg,2,Low,3,Warm,3,2,2,2,2,3,Neutral
MST-4/78_Brazilian Faces78-08_face_1.jpg,2,Low,2,Warm,3,2,2,2,2,2,Neutral
MST-4/78_Brazilian Faces78-09_face_1.jpg,2,Low,2,Warm,2,2,2,2,2,2,Neutral
MST-4/78_Brazilian Faces78-10_face_1.jpg,2,Medium,2,Warm,3,2,3,3,2,2,Neutral
MST-4/78_Brazilian Faces78-11_face_1.jpg,2,Low,2,Warm,3,2,2,2,2,2,Neutral
MST-4/78_Brazilian Faces78-12_face_1.jpg,2,Low,3,Warm,3,2,2,2,2,2,Neutral
MST-4/78_Brazilian Faces78-13_face_1.jpg,2,Low,3,Warm,2,3,2,2,2,3,Cool
MST-4/78_Brazilian Faces78-14_face_1.jpg,2,Low,3,Warm,2,3,2,2,2,2,Cool
MST-4/Erika_Harold_LFWErika_Harold_0001_face_1.jpg,2,Low,2,Warm,2,2,3,1,2,2,Warm
MST-4/Erika_Harold_LFWErika_Harold_0002_face_1.jpg,2,Low,2,Neutral,2,1,1,1,3,2,Cool
MST-4/Erika_Harold_LFWErika_Harold_0003_face_1.jpg,2,Medium,2,Cool,1,1,1,1,1,1,Cool
MST-4/Erika_Harold_LFWErika_Harold_0004_face_1.jpg,2,Low,2,Cool,2,1,1,2,2,2,Cool
MST-4/Erika_Harold_LFWErika_Harold_0005_face_1.jpg,2,Low,2,Neutral,2,2,1,2,2,2,Cool
MST-4/Fujio_Cho_LFWFujio_Cho_0001_face_1.jpg,2,Medium,2,Warm,2,2,1,2,2,2,Warm
MST-4/Fujio_Cho_LFWFujio_Cho_0002_face_1.jpg,2,Medium,2,Warm,3,2,1,3,3,2,Neutral
MST-4/Fujio_Cho_LFWFujio_Cho_0003_face_1.jpg,2,Low,2,Warm,2,1,1,1,2,1,Cool
MST-4/Fujio_Cho_LFWFujio_Cho_0004_face_1.jpg,2,Medium,2,Warm,3,1,2,2,2,2,Neutral
MST-4/Fujio_Cho_LFWFujio_Cho_0005_face_1.jpg,2,Medium,2,Warm,2,2,1,1,2,2,Neutral
MST-4/Fujio_Cho_LFWFujio_Cho_0006_face_1.jpg,2,Medium,3,Warm,2,2,1,2,2,2,Neutral
MST-4/Mariah_Carey_LFWMariah_Carey_0001_face_1.jpg,2,Medium,2,Warm,1,1,2,1,2,1,Warm
MST-4/Mariah_Carey_LFWMariah_Carey_0002_face_1.jpg,2,Medium,2,Warm,2,2,2,2,2,2,Warm
MST-4/Mariah_Carey_LFWMariah_Carey_0003_face_1.jpg,2,Medium,1,Warm,2,1,2,1,2,1,Warm
MST-4/Mariah_Carey_LFWMariah_Carey_0004_face_1.jpg,2,Medium,2,Warm,2,3,3,3,1,2,Cool
MST-4/Mariah_Carey_LFWMariah_Carey_0005_face_1.jpg,2,Medium,2,Warm,2,1,2,2,2,2,Neutral
MST-4/Mariah_Carey_LFWMariah_Carey_0006_face_1.jpg,2,Medium,2,Warm,2,3,3,2,3,2,Warm
MST-4/Mariah_Carey_LFWMariah_Carey_0007_face_1.jpg,2,Medium,1,Warm,1,1,3,2,2,2,Cool
MST-4/Salma_Hayek_LFWSalma_Hayek_0001_face_1.jpg,2,Low,3,Warm,2,1,2,2,2,2,Warm
MST-4/Salma_Hayek_LFWSalma_Hayek_0002_face_1.jpg,2,Medium,2,Cool,2,1,1,1,3,2,Warm
MST-4/Salma_Hayek_LFWSalma_Hayek_0003_face_1.jpg,2,Low,2,Warm,2,2,2,2,2,2,Warm
MST-4/Salma_Hayek_LFWSalma_Hayek_0004_face_1.jpg,2,Low,2,Warm,2,2,3,2,2,2,Warm
MST-4/Salma_Hayek_LFWSalma_Hayek_0005_face_1.jpg,2,Low,3,Warm,2,3,3,2,3,3,Neutral
MST-4/Salma_Hayek_LFWSalma_Hayek_0006_face_1.jpg,2,Low,3,Cool,3,4,3,2,2,3,Warm
MST-4/Salma_Hayek_LFWSalma_Hayek_0007_face_1.jpg,2,Medium,2,Warm,2,1,3,2,2,2,Warm
MST-4/Salma_Hayek_LFWSalma_Hayek_0008_face_1.jpg,2,Medium,2,Warm,2,1,4,2,2,2,Neutral
MST-4/Salma_Hayek_LFWSalma_Hayek_0009_face_1.jpg,2,Low,3,Neutral,2,1,3,2,2,3,Neutral
MST-4/Salma_Hayek_LFWSalma_Hayek_0010_face_1.jpg,2,Medium,3,Neutral,2,1,3,2,2,2,Warm
MST-4/Salma_Hayek_LFWSalma_Hayek_0011_face_1.jpg,2,Low,2,Warm,2,2,3,2,2,2,Warm
MST-4/Salma_Hayek_LFWSalma_Hayek_0012_face_1.jpg,2,Low,2,Warm,3,2,2,2,2,2,Warm
MST-4/Salma_Hayek_LFWSalma_Hayek_0013_face_1.jpg,2,Low,2,Warm,2,3,3,1,1,2,Neutral
MST-4/train_104_FairFace104_face_1.jpg,2,Medium,3,Warm,3,3,3,3,2,3,Cool
MST-4/train_1180_FairFace1180_face_1.jpg,2,Low,3,Warm,3,3,3,3,2,3,Neutral
MST-4/train_1447_FairFace1447_face_1.jpg,2,Low,3,Warm,2,2,3,3,2,3,Warm
MST-4/train_1461_FairFace1461_face_1.jpg,2,Low,2,Cool,3,3,3,3,2,2,Cool
MST-4/train_1492_FairFace1492_face_1.jpg,2,Low,3,Warm,3,2,2,3,2,3,Neutral
MST-4/train_1540_FairFace1540_face_1.jpg,2,Medium,3,Warm,3,3,3,3,3,3,Cool
MST-4/train_2365_FairFace2365_face_1.jpg,2,Medium,2,Warm,2,3,2,1,2,2,Cool
MST-4/train_2556_FairFace2556_face_1.jpg,2,Low,3,Warm,3,5,4,2,6,3,Cool
MST-4/train_2586_FairFace2586_face_1.jpg,2,Low,3,Warm,3,3,3,3,3,3,Neutral
MST-4/train_2899_FairFace2899_face_1.jpg,2,Low,3,Warm,3,2,2,3,2,3,Neutral
MST-4/train_2987_FairFace2987_face_1.jpg,2,Low,3,Neutral,3,2,2,3,6,2,Cool
MST-4/train_3070_FairFace3070_face_1.jpg,2,Low,4,Warm,3,2,3,3,2,3,Cool
MST-4/train_3397_FairFace3397_face_1.jpg,2,Low,2,Warm,3,3,2,2,2,2,Cool
MST-4/train_3840_FairFace3840_face_1.jpg,2,Low,3,Warm,2,3,3,3,3,3,Warm
MST-4/train_4044_FairFace4044_face_1.jpg,2,Low,4,Cool,6,1,3,3,6,4,Cool
MST-4/train_4287_FairFace4287_face_1.jpg,2,Low,3,Warm,3,3,3,2,2,3,Cool
MST-4/train_4441_FairFace4441_face_1.jpg,2,Low,2,Cool,3,1,2,2,2,3,Cool
MST-4/train_651_FairFace651_face_1.jpg,2,Low,3,Neutral,2,1,5,2,2,3,Cool
MST-4/train_970_FairFace970_face_1.jpg,2,Low,3,Warm,3,3,3,3,1,3,Cool
MST-5/117_Brazilian Faces117-01_face_1.jpg,3,Low,3,Warm,2,2,3,2,2,2,Neutral
MST-5/117_Brazilian Faces117-02_face_1.jpg,3,Low,3,Warm,2,3,3,2,2,3,Neutral
MST-5/117_Brazilian Faces117-03_face_1.jpg,3,Low,3,Warm,2,3,2,3,2,3,Neutral
MST-5/117_Brazilian Faces117-04_face_1.jpg,3,Low,3,Warm,2,3,2,3,2,3,Neutral
MST-5/117_Brazilian Faces117-05_face_1.jpg,3,Low,3,Warm,3,3,2,3,2,3,Neutral
MST-5/117_Brazilian Faces117-06_face_1.jpg,3,Low,3,Warm,3,3,3,3,3,3,Warm
MST-5/117_Brazilian Faces117-07_face_1.jpg,3,Low,3,Warm,2,3,3,3,2,3,Neutral
MST-5/117_Brazilian Faces117-08_face_1.jpg,3,Low,3,Warm,2,3,3,3,2,3,Warm
MST-5/117_Brazilian Faces117-09_face_1.jpg,3,Low,3,Warm,2,2,3,3,2,3,Neutral
MST-5/117_Brazilian Faces117-10_face_1.jpg,3,Low,3,Neutral,2,2,2,2,2,2,Neutral
MST-5/117_Brazilian Faces117-11_face_1.jpg,3,Low,3,Warm,3,3,3,3,3,3,Neutral
MST-5/117_Brazilian Faces117-12_face_1.jpg,3,Low,3,Warm,2,3,2,3,2,2,Neutral
MST-5/117_Brazilian Faces117-13_face_1.jpg,3,Low,3,Warm,3,2,3,3,3,3,Neutral
MST-5/26_Brazilian Faces26-01_face_1.jpg,3,Low,3,Warm,2,3,2,2,2,3,Neutral
MST-5/26_Brazilian Faces26-02_face_1.jpg,3,Low,3,Warm,2,3,2,3,2,3,Neutral
MST-5/26_Brazilian Faces26-03_face_1.jpg,3,Low,3,Warm,3,3,2,3,2,2,Warm
MST-5/26_Brazilian Faces26-04_face_1.jpg,3,Low,3,Warm,3,3,2,3,3,2,Neutral
MST-5/26_Brazilian Faces26-05_face_1.jpg,3,Low,2,Warm,3,3,2,3,3,2,Warm
MST-5/26_Brazilian Faces26-06_face_1.jpg,3,Low,2,Warm,3,3,3,3,2,2,Warm
MST-5/26_Brazilian Faces26-07_face_1.jpg,3,Low,3,Warm,3,2,2,3,2,2,Neutral
MST-5/26_Brazilian Faces26-08_face_1.jpg,3,Low,2,Warm,3,2,2,3,3,3,Neutral
MST-5/26_Brazilian Faces26-09_face_1.jpg,3,Low,3,Warm,3,2,2,3,3,2,Neutral
MST-5/26_Brazilian Faces26-10_face_1.jpg,3,Low,3,Warm,3,2,2,2,3,3,Neutral
MST-5/26_Brazilian Faces26-11_face_1.jpg,3,Low,2,Warm,3,3,3,3,2,2,Warm
MST-5/26_Brazilian Faces26-12_face_1.jpg,3,Low,3,Warm,2,2,2,3,2,2,Neutral
MST-5/26_Brazilian Faces26-13_face_1.jpg,3,Low,2,Warm,2,2,2,2,2,2,Neutral
MST-5/26_Brazilian Faces26-14_face_1.jpg,3,Low,2,Neutral,3,2,2,2,2,2,Cool
MST-5/George_Lopez_LFWGeorge_Lopez_0001_face_1.jpg,3,Low,2,Cool,3,2,3,2,3,2,Cool
MST-5/George_Lopez_LFWGeorge_Lopez_0002_face_1.jpg,3,Low,3,Warm,2,2,2,3,3,2,Neutral
MST-5/George_Lopez_LFWGeorge_Lopez_0003_face_1.jpg,3,Low,2,Warm,3,2,2,2,2,3,Neutral
MST-5/George_Lopez_LFWGeorge_Lopez_0004_face_1.jpg,3,Low,3,Warm,3,3,2,2,3,3,Warm
MST-5/George_Lopez_LFWGeorge_Lopez_0005_face_1.jpg,3,Low,3,Warm,2,1,1,2,6,3,Cool
MST-5/lidov_Faces 95lidov.10_face_1.jpg,3,Low,3,Warm,3,1,1,2,3,3,Cool
MST-5/lidov_Faces 95lidov.11_face_1.jpg,3,Low,3,Warm,3,3,3,1,4,3,Cool
MST-5/lidov_Faces 95lidov.12_face_1.jpg,3,Low,3,Warm,3,3,1,1,3,3,Cool
MST-5/lidov_Faces 95lidov.13_face_1.jpg,3,Low,3,Warm,3,3,1,1,1,3,Cool
MST-5/lidov_Faces 95lidov.14_face_1.jpg,3,Low,3,Warm,3,3,3,1,3,3,Cool
MST-5/lidov_Faces 95lidov.15_face_1.jpg,3,Low,3,Warm,3,3,3,2,5,3,Cool
MST-5/lidov_Faces 95lidov.16_face_1.jpg,3,Low,3,Warm,3,3,3,1,3,3,Cool
MST-5/lidov_Faces 95lidov.17_face_1.jpg,3,Low,3,Warm,3,3,3,1,1,3,Cool
MST-5/lidov_Faces 95lidov.18_face_1.jpg,3,Low,3,Warm,3,3,3,1,1,3,Cool
MST-5/lidov_Faces 95lidov.19_face_1.jpg,3,Low,3,Warm,3,3,3,1,3,3,Cool
MST-5/lidov_Faces 95lidov.1_face_1.jpg,3,Low,3,Warm,2,2,1,1,4,3,Cool
MST-5/lidov_Faces 95lidov.20_face_1.jpg,3,Low,3,Warm,3,3,3,1,3,3,Cool
MST-5/lidov_Faces 95lidov.2_face_1.jpg,3,Low,3,Warm,2,3,1,1,1,3,Cool
MST-5/lidov_Faces 95lidov.3_face_1.jpg,3,Low,3,Warm,3,2,1,2,1,3,Cool
MST-5/lidov_Faces 95lidov.4_face_1.jpg,3,Low,3,Warm,2,3,1,1,4,3,Cool
MST-5/lidov_Faces 95lidov.5_face_1.jpg,3,Low,3,Warm,3,3,1,1,1,3,Cool
MST-5/lidov_Faces 95lidov.6_face_1.jpg,3,Low,3,Warm,2,3,2,2,3,3,Cool
MST-5/lidov_Faces 95lidov.7_face_1.jpg,3,Low,3,Warm,3,3,1,2,3,3,Cool
MST-5/lidov_Faces 95lidov.8_face_1.jpg,3,Low,3,Warm,2,3,1,1,1,3,Cool
MST-5/lidov_Faces 95lidov.9_face_1.jpg,3,Low,3,Warm,3,3,1,2,1,3,Cool
MST-5/llambr_Faces 95llambr.10_face_1.jpg,3,Low,3,Warm,3,3,1,1,1,1,Cool
MST-5/llambr_Faces 95llambr.11_face_1.jpg,3,Low,1,Warm,3,1,1,1,1,2,Cool
MST-5/llambr_Faces 95llambr.12_face_1.jpg,3,Low,1,Warm,3,3,1,1,3,1,Cool
MST-5/llambr_Faces 95llambr.13_face_1.jpg,3,Low,1,Warm,3,1,1,1,3,1,Cool
MST-5/llambr_Faces 95llambr.14_face_1.jpg,3,Low,3,Warm,3,2,1,1,1,1,Cool
MST-5/llambr_Faces 95llambr.15_face_1.jpg,3,Low,1,Warm,3,1,1,1,1,1,Cool
MST-5/llambr_Faces 95llambr.16_face_1.jpg,3,Low,2,Warm,3,2,1,1,1,2,Cool
MST-5/llambr_Faces 95llambr.17_face_1.jpg,3,Low,1,Warm,3,2,1,1,3,1,Cool
MST-5/llambr_Faces 95llambr.18_face_1.jpg,3,Low,1,Warm,3,1,1,1,3,1,Cool
MST-5/llambr_Faces 95llambr.19_face_1.jpg,3,Low,1,Warm,3,1,1,1,1,1,Cool
MST-5/llambr_Faces 95llambr.1_face_1.jpg,3,Low,1,Warm,3,1,1,1,3,3,Cool
MST-5/llambr_Faces 95llambr.20_face_1.jpg,3,Low,2,Warm,3,2,1,1,3,1,Cool
MST-5/llambr_Faces 95llambr.2_face_1.jpg,3,Low,2,Warm,3,2,1,1,3,2,Cool
MST-5/llambr_Faces 95llambr.3_face_1.jpg,3,Low,1,Warm,3,1,1,1,1,1,Cool
MST-5/llambr_Faces 95llambr.4_face_1.jpg,3,Low,2,Warm,3,2,1,1,1,1,Cool
MST-5/llambr_Faces 95llambr.5_face_1.jpg,3,Low,1,Warm,3,1,1,1,1,1,Cool
MST-5/llambr_Faces 95llambr.6_face_1.jpg,3,Low,1,Warm,3,1,2,1,1,1,Cool
MST-5/llambr_Faces 95llambr.7_face_1.jpg,3,Low,1,Warm,3,1,1,1,1,1,Cool
MST-5/llambr_Faces 95llambr.8_face_1.jpg,3,Low,1,Warm,3,1,1,1,1,2,Cool
MST-5/llambr_Faces 95llambr.9_face_1.jpg,3,Low,1,Warm,3,1,1,1,1,1,Cool
MST-5/train_1093_FairFace1093_face_1.jpg,3,Low,3,Warm,3,3,3,2,2,3,Cool
MST-5/train_1313_FairFace1313_face_1.jpg,3,Low,3,Cool,3,3,3,3,1,3,Cool
MST-5/train_1673_FairFace1673_face_1.jpg,3,Low,3,Warm,3,4,3,3,3,3,Cool
MST-5/train_1767_FairFace1767_face_1.jpg,3,Low,3,Warm,3,3,3,3,3,3,Cool
MST-5/train_1768_FairFace1768_face_1.jpg,3,Low,3,Warm,3,3,2,3,1,3,Cool
MST-5/train_1771_FairFace1771_face_1.jpg,3,Low,3,Warm,3,3,3,4,4,4,Cool
MST-5/train_2017_FairFace2017_face_1.jpg,3,Medium,3,Warm,2,3,2,2,3,3,Neutral
MST-5/train_2320_FairFace2320_face_1.jpg,3,Low,2,Warm,3,3,3,3,3,3,Neutral
MST-5/train_247_FairFace247_face_1.jpg,3,Low,3,Warm,3,3,3,3,1,3,Cool
MST-5/train_2609_FairFace2609_face_1.jpg,3,Medium,5,Warm,5,1,5,3,1,2,Cool
MST-5/train_2_FairFace2_face_1.jpg,3,Medium,3,Warm,3,3,2,2,2,3,Cool
MST-5/train_3184_FairFace3184_face_1.jpg,3,Low,3,Warm,3,3,3,3,3,3,Warm
MST-5/train_3240_FairFace3240_face_1.jpg,3,Low,3,Cool,3,3,3,2,2,3,Cool
MST-5/train_3732_FairFace3732_face_1.jpg,3,Low,3,Warm,2,3,3,3,2,3,Cool
MST-5/train_374_FairFace374_face_1.jpg,3,Low,3,Warm,3,3,1,3,2,3,Neutral
MST-5/train_378_FairFace378_face_1.jpg,3,Low,3,Warm,3,3,3,3,2,3,Cool
MST-5/train_3832_FairFace3832_face_1.jpg,3,Low,3,Cool,3,4,1,2,4,3,Cool
MST-5/train_4031_FairFace4031_face_1.jpg,3,Medium,3,Warm,2,3,3,3,2,3,Neutral
MST-5/train_4308_FairFace4308_face_1.jpg,3,Low,3,Warm,3,3,3,3,3,3,Cool
MST-5/train_4310_FairFace4310_face_1.jpg,3,Low,3,Warm,1,3,3,3,3,3,Cool
MST-5/train_4386_FairFace4386_face_1.jpg,3,Medium,2,Cool,2,1,2,1,2,2,Warm
MST-5/train_4488_FairFace4488_face_1.jpg,3,Medium,3,Warm,2,2,3,2,2,3,Neutral
MST-5/train_4999_FairFace4999_face_1.jpg,3,Low,3,Cool,3,3,3,3,2,3,Cool
MST-5/train_554_FairFace554_face_1.jpg,3,Low,3,Warm,3,3,3,3,2,3,Neutral
MST-5/train_590_FairFace590_face_1.jpg,3,Low,5,Warm,4,2,4,3,2,4,Cool
MST-5/train_673_FairFace673_face_1.jpg,3,Low,3,Warm,3,3,3,3,3,3,Neutral
MST-5/train_983_FairFace983_face_1.jpg,3,Low,3,Warm,3,3,3,3,3,3,Neutral
MST-6/0033_0_0_0_01.jpg,3,Medium,3,Cool,3,3,3,4,3,3,Warm
MST-6/0033_0_0_0_02.jpg,3,Medium,3,Cool,3,3,3,4,3,3,Warm
MST-6/0086_0_0_0_01.jpg,3,Low,5,Cool,4,5,5,5,4,3,Cool
MST-6/0086_0_0_0_02.jpg,3,Low,5,Cool,5,5,5,6,5,3,Cool
MST-6/0086_0_0_0_03.jpg,3,Low,5,Cool,5,5,5,6,5,3,Cool
MST-6/0086_0_0_0_04.jpg,3,Low,5,Cool,5,4,5,6,5,3,Cool
MST-6/0086_0_0_0_05.jpg,3,Low,5,Cool,5,4,5,6,5,4,Cool
MST-6/0086_0_0_0_06.jpg,3,Low,5,Cool,4,5,5,5,4,3,Cool
MST-6/0086_0_0_0_07.jpg,3,Low,5,Cool,5,5,5,6,5,5,Cool
MST-6/0086_0_0_0_08.jpg,3,Low,5,Cool,4,5,5,5,5,5,Cool
MST-6/0124_0_0_0_01.jpg,3,High,5,Cool,5,4,4,6,5,5,Cool
MST-6/0124_0_0_0_02.jpg,3,Medium,5,Cool,4,4,4,4,5,4,Cool
MST-6/0124_0_0_0_03.jpg,3,High,5,Cool,4,5,5,4,3,5,Cool
MST-6/0124_0_0_0_04.jpg,3,High,5,Cool,5,4,4,5,6,5,Cool
MST-6/0124_0_0_0_05.jpg,3,High,5,Cool,5,4,4,6,5,5,Cool
MST-6/0124_0_0_0_06.jpg,3,High,5,Cool,5,4,4,5,3,5,Cool
MST-6/0124_0_0_0_07.jpg,3,High,5,Cool,5,4,4,6,5,5,Cool
MST-6/0124_0_0_0_08.jpg,3,High,5,Cool,5,5,4,5,6,5,Cool
MST-6/0124_0_0_0_09.jpg,3,Medium,5,Cool,4,4,5,4,4,4,Cool
MST-6/0124_0_0_0_10.jpg,3,High,5,Cool,4,4,5,4,3,4,Cool
MST-6/0124_0_0_0_11.jpg,3,High,5,Cool,4,5,5,4,1,5,Cool
MST-6/0124_0_0_0_12.jpg,3,High,5,Cool,4,5,5,5,5,5,Cool
MST-6/0124_0_0_0_13.jpg,3,High,5,Cool,4,5,5,4,3,5,Cool
MST-6/0124_0_0_0_14.jpg,3,High,5,Cool,4,5,5,4,5,4,Cool
MST-6/0124_0_0_0_15.jpg,3,Medium,4,Cool,4,4,4,4,3,4,Neutral
MST-6/0124_0_0_0_16.jpg,3,Medium,5,Cool,4,4,5,4,4,4,Neutral
MST-6/0180_0_0_0_01.jpg,3,Low,4,Cool,4,4,4,5,3,4,Cool
MST-6/0180_0_0_0_02.jpg,3,High,5,Cool,4,4,4,4,4,4,Cool
MST-6/0180_0_0_0_03.jpg,3,Low,4,Cool,5,3,4,5,1,4,Cool
MST-6/0180_0_0_0_04.jpg,3,Low,5,Cool,5,4,4,4,1,4,Cool
MST-6/0180_0_0_0_05.jpg,3,Low,4,Cool,4,3,5,5,1,4,Cool
MST-6/0180_0_0_0_06.jpg,3,High,5,Cool,4,4,4,4,4,4,Cool
MST-6/0180_0_0_0_07.jpg,3,Low,4,Cool,5,4,4,5,1,4,Cool
MST-6/0180_0_0_0_08.jpg,3,Low,4,Cool,5,3,4,4,4,4,Cool
MST-6/0510_0_0_0_01.jpg,3,Medium,3,Neutral,3,4,3,3,4,3,Cool
MST-6/0510_0_0_0_02.jpg,3,Medium,3,Neutral,3,3,3,3,3,3,Cool
MST-6/0510_0_0_0_03.jpg,3,Medium,3,Neutral,3,3,3,3,3,3,Cool
MST-6/0510_0_0_0_04.jpg,3,Medium,3,Neutral,3,4,3,4,3,3,Cool
MST-6/0510_0_0_0_05.jpg,3,Medium,3,Neutral,3,3,3,3,4,3,Cool
MST-6/0510_0_0_0_06.jpg,3,Medium,3,Neutral,3,4,3,4,2,3,Cool
MST-6/0510_0_0_0_07.jpg,3,Medium,3,Neutral,3,3,4,3,3,3,Cool
MST-6/0510_0_0_0_08.jpg,3,Medium,3,Neutral,3,3,3,3,3,3,Cool
MST-6/0784_0_0_0_01.jpg,3,Low,5,Cool,5,6,6,5,6,5,Cool
MST-6/0784_0_0_0_02.jpg,3,Low,4,Cool,1,4,4,4,4,4,Cool
MST-6/0784_0_0_0_03.jpg,3,Low,5,Cool,6,6,6,4,6,5,Cool
MST-6/0784_0_0_0_04.jpg,3,Low,5,Cool,1,4,6,4,4,4,Cool
MST-6/0784_0_0_0_05.jpg,3,Low,5,Cool,6,6,6,4,6,5,Cool
MST-6/0784_0_0_0_06.jpg,3,Low,5,Cool,4,4,6,4,6,5,Cool
MST-6/0784_0_0_0_07.jpg,3,Medium,3,Cool,1,4,4,3,3,3,Neutral
MST-6/0784_0_0_0_08.jpg,3,Medium,3,Cool,1,4,4,4,3,4,Cool
MST-6/0784_0_0_0_09.jpg,3,Medium,3,Cool,1,4,4,4,3,3,Cool
MST-6/0784_0_0_0_10.jpg,3,Medium,3,Cool,1,4,4,4,3,3,Neutral
MST-6/1107_0_0_0_01.jpg,3,Medium,4,Warm,4,5,4,3,3,4,Cool
MST-6/1107_0_0_0_02.jpg,3,High,4,Cool,5,4,4,4,4,4,Cool
MST-6/1107_0_0_0_03.jpg,3,Medium,4,Warm,4,5,4,3,3,4,Cool
MST-6/1107_0_0_0_04.jpg,3,High,4,Cool,4,4,4,4,4,3,Cool
MST-6/1107_0_0_0_05.jpg,3,High,4,Cool,5,6,4,4,4,4,Cool
MST-6/1107_0_0_0_06.jpg,3,High,4,Cool,4,4,4,4,4,4,Cool
MST-6/1107_0_0_0_07.jpg,3,Medium,4,Warm,4,5,4,3,3,4,Cool
MST-6/1107_0_0_0_08.jpg,3,High,4,Cool,5,6,4,4,4,4,Warm
MST-6/1107_0_0_0_09.jpg,3,High,4,Cool,4,6,4,4,4,4,Cool
MST-6/1107_0_0_0_10.jpg,3,Medium,4,Warm,4,4,4,3,3,4,Cool
MST-6/1122_0_0_0_01.jpg,3,Medium,3,Neutral,4,3,3,3,5,3,Cool
MST-6/1122_0_0_0_02.jpg,3,Medium,5,Neutral,4,4,4,4,4,3,Cool
MST-6/1122_0_0_0_03.jpg,3,Medium,4,Neutral,4,3,4,4,4,3,Cool
MST-6/1122_0_0_0_04.jpg,3,Medium,4,Neutral,4,3,4,4,4,3,Cool
MST-6/1122_0_0_0_05.jpg,3,Medium,4,Neutral,4,3,4,4,4,3,Cool
MST-6/1122_0_0_0_06.jpg,3,Medium,4,Neutral,4,4,4,4,4,3,Cool
MST-6/1122_0_0_0_07.jpg,3,Medium,4,Neutral,4,4,4,5,4,3,Cool
MST-6/1122_0_0_0_08.jpg,3,Medium,3,Neutral,4,3,4,4,4,3,Cool
MST-6/1122_0_0_0_09.jpg,3,Medium,3,Neutral,4,4,4,4,4,3,Cool
MST-6/1122_0_0_0_10.jpg,3,Medium,3,Neutral,4,5,4,4,4,3,Cool
MST-6/Russell_Simmons_LFWRussell_Simmons_0001_face_1.jpg,3,Low,3,Warm,3,3,3,2,4,3,Neutral
MST-6/Russell_Simmons_LFWRussell_Simmons_0002_face_1.jpg,3,Low,3,Cool,3,3,3,2,3,3,Neutral
MST-6/Russell_Simmons_LFWRussell_Simmons_0003_face_1.jpg,3,Low,3,Warm,3,3,4,3,3,3,Cool
MST-6/Russell_Simmons_LFWRussell_Simmons_0004_face_1.jpg,3,Medium,3,Warm,3,3,2,3,3,2,Neutral
MST-6/Russell_Simmons_LFWRussell_Simmons_0005_face_1.jpg,3,Medium,3,Warm,3,2,3,1,4,3,Cool
MST-6/train_1022_FairFace1022_face_1.jpg,3,Low,3,Warm,3,3,4,2,3,3,Cool
MST-6/train_1292_FairFace1292_face_1.jpg,3,Low,3,Warm,3,4,3,3,2,3,Cool
MST-6/train_1437_FairFace1437_face_1.jpg,3,Low,3,Warm,3,4,2,3,3,3,Cool
MST-6/train_1535_FairFace1535_face_1.jpg,3,Low,3,Warm,3,4,3,3,4,3,Cool
MST-6/train_1570_FairFace1570_face_1.jpg,3,Low,3,Warm,3,3,3,3,3,3,Neutral
MST-6/train_1663_FairFace1663_face_1.jpg,3,Low,3,Warm,3,3,3,3,2,3,Cool
MST-6/train_1780_FairFace1780_face_1.jpg,3,Medium,3,Warm,3,3,3,3,2,3,Cool
MST-6/train_1866_FairFace1866_face_1.jpg,3,Low,3,Warm,3,3,3,2,3,3,Cool
MST-6/train_2166_FairFace2166_face_1.jpg,3,Low,3,Warm,3,3,3,3,3,3,Cool
MST-6/train_21_FairFace21_face_1.jpg,3,Low,2,Cool,3,3,1,2,2,2,Cool
MST-6/train_2306_FairFace2306_face_1.jpg,3,Medium,3,Warm,2,1,2,2,2,2,Cool
MST-6/train_2521_FairFace2521_face_1.jpg,3,Low,3,Cool,3,2,3,3,4,3,Cool
MST-6/train_2878_FairFace2878_face_1.jpg,3,Low,3,Warm,2,3,3,3,2,3,Neutral
MST-6/train_3221_FairFace3221_face_1.jpg,3,Low,3,Warm,3,3,2,3,3,3,Cool
MST-6/train_4088_FairFace4088_face_1.jpg,3,Low,3,Cool,3,4,4,4,3,3,Cool
MST-6/train_450_FairFace450_face_1.jpg,3,Low,3,Warm,3,3,3,3,3,3,Neutral
MST-6/train_4540_FairFace4540_face_1.jpg,3,Low,3,Warm,3,3,3,3,3,3,Neutral
MST-6/train_4705_FairFace4705_face_1.jpg,3,Low,3,Warm,3,3,3,2,3,3,Cool
MST-6/train_49_FairFace49_face_1.jpg,3,Low,4,Cool,5,2,4,5,6,3,Cool
MST-6/train_5081_FairFace5081_face_1.jpg,3,Low,3,Warm,3,3,3,1,3,3,Neutral
MST-6/train_534_FairFace534_face_1.jpg,3,Medium,3,Warm,3,2,2,6,3,3,Cool
MST-6/train_618_FairFace618_face_1.jpg,3,Low,3,Warm,5,5,2,4,2,5,Cool
MST-6/train_701_FairFace701_face_1.jpg,3,Low,5,Neutral,5,3,6,6,3,3,Cool
MST-6/train_757_FairFace757_face_1.jpg,3,Low,5,Warm,3,3,3,3,2,3,Cool
MST-7/0031_0_0_0_01.jpg,4,Low,3,Warm,4,3,4,4,4,4,Neutral
MST-7/0031_0_0_0_02.jpg,4,Low,4,Warm,4,3,4,4,3,4,Neutral
MST-7/0036_0_0_0_01.jpg,4,Medium,3,Cool,3,3,3,3,3,3,Cool
MST-7/0036_0_0_0_02.jpg,4,Medium,3,Cool,3,3,3,3,4,4,Cool
MST-7/0043_0_0_0_01.jpg,4,Medium,5,Cool,5,4,4,5,4,4,Cool
MST-7/0043_0_0_0_02.jpg,4,Medium,4,Cool,5,5,4,4,4,4,Cool
MST-7/0043_0_0_0_03.jpg,4,Medium,5,Cool,5,4,4,5,4,4,Cool
MST-7/0043_0_0_0_04.jpg,4,High,5,Cool,5,4,4,5,4,4,Cool
MST-7/0043_0_0_0_05.jpg,4,Medium,5,Cool,5,5,4,6,4,4,Cool
MST-7/0043_0_0_0_06.jpg,4,Medium,4,Cool,5,5,4,6,4,4,Cool
MST-7/0043_0_0_0_07.jpg,4,High,5,Cool,5,4,4,5,4,4,Cool
MST-7/0043_0_0_0_08.jpg,4,High,5,Cool,5,4,5,5,4,4,Cool
MST-7/0048_0_0_0_01.jpg,4,Medium,4,Cool,4,4,4,4,4,4,Neutral
MST-7/0048_0_0_0_02.jpg,4,Medium,4,Cool,4,4,3,4,4,4,Neutral
MST-7/0048_0_0_0_03.jpg,4,Medium,4,Cool,4,3,3,4,2,4,Neutral
MST-7/0048_0_0_0_04.jpg,4,Medium,4,Cool,4,4,4,4,3,4,Neutral
MST-7/0048_0_0_0_05.jpg,4,Medium,4,Cool,4,4,4,4,3,4,Neutral
MST-7/0048_0_0_0_06.jpg,4,Medium,4,Cool,4,4,4,4,3,4,Neutral
MST-7/0048_0_0_0_07.jpg,4,Medium,4,Cool,4,4,4,4,4,4,Neutral
MST-7/0048_0_0_0_08.jpg,4,Medium,4,Cool,4,4,4,4,3,4,Neutral
MST-7/0095_0_0_0_01.jpg,4,Medium,4,Cool,4,4,3,4,4,4,Cool
MST-7/0095_0_0_0_02.jpg,4,Medium,5,Cool,5,4,4,4,3,5,Cool
MST-7/0095_0_0_0_04.jpg,4,Medium,5,Cool,4,4,4,4,5,5,Cool
MST-7/0095_0_0_0_05.jpg,4,Medium,5,Cool,4,4,4,4,5,5,Cool
MST-7/0095_0_0_0_06.jpg,4,Medium,4,Cool,4,4,4,3,4,4,Cool
MST-7/0095_0_0_0_07.jpg,4,Medium,4,Cool,4,4,4,4,4,4,Cool
MST-7/0095_0_0_0_08.jpg,4,Medium,5,Cool,5,4,4,4,6,5,Cool
MST-7/0095_0_0_0_09.jpg,4,Medium,5,Cool,5,4,4,4,4,5,Cool
MST-7/0095_0_0_0_10.jpg,4,Medium,5,Cool,5,4,4,4,4,5,Cool
MST-7/0095_0_0_0_11.jpg,4,Medium,4,Cool,4,4,4,4,4,4,Cool
MST-7/0095_0_0_0_12.jpg,4,Medium,4,Cool,4,4,4,4,4,4,Cool
MST-7/0095_0_0_0_13.jpg,4,Medium,4,Cool,4,4,4,4,4,4,Cool
MST-7/0095_0_0_0_14.jpg,4,Medium,4,Cool,4,4,4,4,4,4,Cool
MST-7/0095_0_0_0_15.jpg,4,Medium,5,Cool,5,4,4,4,4,5,Cool
MST-7/0095_0_0_0_16.jpg,4,Medium,5,Cool,4,4,4,4,4,5,Cool
MST-7/0095_0_0_0_17.jpg,4,Medium,4,Cool,4,4,4,4,4,4,Cool
MST-7/0095_0_0_0_18.jpg,4,Medium,4,Cool,4,5,4,4,4,4,Cool
MST-7/0095_0_0_0_19.jpg,4,Medium,4,Cool,4,4,4,4,4,5,Cool
MST-7/0095_0_0_0_20.jpg,4,Medium,4,Cool,4,4,4,4,4,4,Cool
MST-7/0095_0_0_0_21.jpg,4,Medium,4,Cool,4,4,4,4,4,4,Cool
MST-7/0095_0_0_0_22.jpg,4,Medium,4,Cool,4,4,4,4,4,4,Cool
MST-7/0095_0_0_0_23.jpg,4,Medium,4,Cool,4,4,4,4,4,4,Cool
MST-7/0095_0_0_0_24.jpg,4,Low,5,Cool,5,5,4,4,3,4,Cool
MST-7/0095_0_0_0_25.jpg,4,Low,5,Cool,6,4,4,4,3,4,Neutral
MST-7/0095_0_0_0_26.jpg,4,Low,5,Cool,5,4,4,4,3,5,Cool
MST-7/0095_0_0_0_27.jpg,4,Low,5,Cool,5,4,4,4,3,4,Cool
MST-7/0095_0_0_0_28.jpg,4,Low,5,Cool,4,4,4,4,3,4,Neutral
MST-7/0167_0_0_0_01.jpg,4,Low,4,Cool,4,5,5,6,1,4,Cool
MST-7/0167_0_0_0_02.jpg,4,Low,4,Cool,5,5,3,6,5,4,Cool
MST-7/0167_0_0_0_03.jpg,4,Low,4,Cool,4,5,5,5,1,4,Cool
MST-7/0167_0_0_0_04.jpg,4,Low,4,Cool,4,5,5,6,6,4,Cool
MST-7/0167_0_0_0_05.jpg,4,Low,4,Cool,4,5,6,5,5,4,Cool
MST-7/0167_0_0_0_06.jpg,4,Low,4,Cool,4,5,6,5,2,4,Cool
MST-7/0167_0_0_0_07.jpg,4,Low,4,Cool,4,5,6,5,1,4,Cool
MST-7/0167_0_0_0_08.jpg,4,Low,4,Cool,4,5,5,5,6,4,Cool
MST-7/0167_0_0_0_09.jpg,4,Low,4,Cool,4,5,5,6,1,4,Cool
MST-7/0167_0_0_0_10.jpg,4,Low,4,Cool,5,5,4,6,5,4,Cool
MST-7/0209_0_0_0_01.jpg,4,Low,5,Cool,4,5,4,3,3,5,Cool
MST-7/0209_0_0_0_02.jpg,4,Low,5,Cool,5,4,6,4,5,4,Cool
MST-7/0209_0_0_0_03.jpg,4,Low,5,Cool,4,5,6,5,4,5,Cool
MST-7/0209_0_0_0_04.jpg,4,Medium,4,Cool,4,4,5,4,4,4,Cool
MST-7/0209_0_0_0_05.jpg,4,Low,5,Cool,4,4,6,5,6,4,Cool
MST-7/0209_0_0_0_07.jpg,4,Low,4,Cool,5,4,6,4,4,4,Cool
MST-7/0209_0_0_0_08.jpg,4,Low,4,Cool,5,4,6,5,4,4,Cool
MST-7/0209_0_0_0_09.jpg,4,Low,5,Cool,5,4,5,5,4,5,Cool
MST-7/0209_0_0_0_10.jpg,4,Low,5,Cool,4,4,6,4,4,5,Cool
MST-7/0209_0_0_0_11.jpg,4,Low,5,Cool,5,4,6,5,6,4,Cool
MST-7/0209_0_0_0_12.jpg,4,Low,5,Cool,5,4,6,5,6,5,Cool
MST-7/0209_0_0_0_13.jpg,4,Low,5,Cool,5,4,4,5,6,4,Cool
MST-7/0209_0_0_0_14.jpg,4,Low,5,Cool,5,4,6,6,6,5,Cool
MST-7/0209_0_0_0_15.jpg,4,Low,5,Cool,4,5,6,5,6,5,Cool
MST-7/0209_0_0_0_16.jpg,4,Low,5,Cool,5,4,5,5,5,4,Cool
MST-7/0249_0_0_0_01.jpg,4,Low,4,Cool,4,3,3,4,6,5,Neutral
MST-7/0249_0_0_0_02.jpg,4,Low,4,Cool,3,3,4,4,6,5,Neutral
MST-7/0249_0_0_0_03.jpg,4,Low,5,Cool,4,3,4,4,6,5,Neutral
MST-7/0249_0_0_0_04.jpg,4,Low,4,Cool,4,3,4,4,4,5,Neutral
MST-7/0249_0_0_0_05.jpg,4,Low,4,Cool,3,3,4,4,6,5,Neutral
MST-7/0249_0_0_0_06.jpg,4,Low,5,Cool,4,3,4,4,6,5,Neutral
MST-7/0249_0_0_0_07.jpg,4,Low,4,Cool,4,3,4,4,6,5,Neutral
MST-7/0249_0_0_0_08.jpg,4,Low,5,Cool,4,3,4,4,4,5,Neutral
MST-7/0253_0_0_0_01.jpg,4,Low,5,Cool,3,3,3,3,4,3,Cool
MST-7/0253_0_0_0_02.jpg,4,Low,5,Cool,3,3,3,3,4,3,Cool
MST-7/0253_0_0_0_03.jpg,4,Low,5,Cool,3,3,3,3,4,3,Cool
MST-7/0253_0_0_0_04.jpg,4,Low,5,Cool,3,3,3,3,4,3,Cool
MST-7/0253_0_0_0_05.jpg,4,Low,5,Cool,4,3,3,3,5,5,Cool
MST-7/0253_0_0_0_06.jpg,4,Low,5,Cool,4,3,3,3,5,5,Cool
MST-7/0253_0_0_0_07.jpg,4,Low,5,Cool,3,3,3,3,4,3,Cool
MST-7/0253_0_0_0_08.jpg,4,Low,5,Cool,3,3,3,3,5,3,Cool
MST-7/0281_0_0_0_01.jpg,4,Low,4,Cool,4,6,6,6,5,5,Cool
MST-7/0281_0_0_0_02.jpg,4,Low,4,Cool,4,6,5,6,4,5,Cool
MST-7/0281_0_0_0_03.jpg,4,Low,5,Cool,5,4,5,4,4,5,Cool
MST-7/0281_0_0_0_04.jpg,4,Low,4,Cool,5,5,5,5,4,5,Cool
MST-7/0281_0_0_0_06.jpg,4,High,4,Cool,5,4,4,4,3,4,Cool
MST-7/0281_0_0_0_07.jpg,4,Low,5,Cool,5,4,5,5,5,5,Cool
MST-7/0281_0_0_0_08.jpg,4,High,4,Cool,4,4,4,4,5,4,Cool
MST-7/0281_0_0_0_09.jpg,4,High,4,Cool,5,4,4,4,5,5,Cool
MST-7/0281_0_0_0_10.jpg,4,Low,4,Neutral,5,5,5,4,4,4,Cool
MST-7/0281_0_0_0_11.jpg,4,Low,4,Neutral,5,5,4,4,5,4,Cool
MST-7/0281_0_0_0_12.jpg,4,Low,4,Neutral,5,5,5,4,4,4,Cool
MST-7/0281_0_0_0_13.jpg,4,Low,4,Neutral,5,5,5,5,5,4,Cool
MST-7/0281_0_0_0_14.jpg,4,Low,4,Cool,5,5,5,5,4,4,Cool
MST-7/0281_0_0_0_15.jpg,4,Low,4,Cool,5,4,5,5,4,4,Cool
MST-7/0281_0_0_0_16.jpg,4,Low,4,Neutral,5,5,4,4,4,4,Cool
MST-7/0305_0_0_0_01.jpg,4,Low,3,Warm,4,4,4,4,5,3,Cool
MST-7/0305_0_0_0_02.jpg,4,Low,3,Warm,4,4,4,4,5,5,Cool
MST-7/0305_0_0_0_03.jpg,4,Medium,3,Warm,4,4,4,4,4,4,Cool
MST-7/0305_0_0_0_04.jpg,4,Low,3,Warm,4,4,4,4,4,5,Cool
MST-7/0305_0_0_0_05.jpg,4,Low,5,Warm,4,4,4,5,5,4,Cool
MST-7/0305_0_0_0_06.jpg,4,Medium,3,Warm,4,4,4,4,5,3,Cool
MST-7/0305_0_0_0_07.jpg,4,Medium,3,Warm,4,4,4,4,5,5,Cool
MST-7/0305_0_0_0_08.jpg,4,Low,3,Warm,4,4,4,4,4,5,Cool
MST-7/0330_0_0_0_01.jpg,4,Low,4,Warm,5,5,5,4,5,4,Cool
MST-7/0330_0_0_0_02.jpg,4,Low,4,Warm,4,4,5,4,5,4,Cool
MST-7/0330_0_0_0_03.jpg,4,Low,4,Warm,4,5,4,4,5,4,Cool
MST-7/0330_0_0_0_04.jpg,4,High,4,Cool,4,4,4,4,3,4,Cool
MST-7/0330_0_0_0_05.jpg,4,High,4,Cool,6,6,5,5,3,4,Cool
MST-7/0330_0_0_0_06.jpg,4,High,4,Cool,4,4,4,4,4,4,Cool
MST-7/0330_0_0_0_07.jpg,4,High,4,Cool,4,4,4,4,4,4,Cool
MST-7/0330_0_0_0_08.jpg,4,Low,4,Warm,4,5,5,4,5,4,Cool
MST-7/0330_0_0_0_09.jpg,4,Low,4,Warm,4,5,5,3,5,4,Cool
MST-7/0330_0_0_0_10.jpg,4,Low,4,Warm,5,5,5,4,5,4,Cool
MST-7/0330_0_0_0_11.jpg,4,Low,4,Warm,4,4,5,4,5,4,Cool
MST-7/0330_0_0_0_12.jpg,4,Low,4,Warm,4,5,5,4,5,4,Cool
MST-7/0330_0_0_0_13.jpg,4,High,4,Cool,4,4,4,4,3,4,Cool
MST-7/0330_0_0_0_14.jpg,4,High,4,Cool,4,4,4,4,4,4,Cool
MST-7/0330_0_0_0_15.jpg,4,High,4,Cool,4,4,4,3,4,4,Cool
MST-7/0330_0_0_0_16.jpg,4,High,4,Cool,4,4,4,3,4,4,Cool
MST-7/0357_0_0_0_01.jpg,4,Low,5,Neutral,5,5,5,4,5,5,Cool
MST-7/0357_0_0_0_02.jpg,4,Low,5,Cool,4,5,5,6,5,5,Cool
MST-7/0357_0_0_0_03.jpg,4,Low,5,Cool,4,5,5,5,4,5,Cool
MST-7/0357_0_0_0_04.jpg,4,Low,5,Neutral,4,5,5,6,5,5,Cool
MST-7/0357_0_0_0_05.jpg,4,Low,5,Cool,4,5,5,6,5,5,Cool
MST-7/0357_0_0_0_06.jpg,4,Low,5,Cool,4,5,5,5,5,5,Cool
MST-7/0357_0_0_0_07.jpg,4,Low,5,Neutral,4,5,5,6,5,5,Cool
MST-7/0357_0_0_0_08.jpg,4,Low,5,Cool,4,5,5,5,4,5,Cool
MST-7/0405_0_0_0_01.jpg,4,Medium,4,Cool,4,5,4,4,5,4,Cool
MST-7/0405_0_0_0_02.jpg,4,Low,5,Cool,5,4,5,4,5,4,Cool
MST-7/0405_0_0_0_03.jpg,4,Low,4,Cool,4,5,4,4,5,4,Cool
MST-7/0405_0_0_0_04.jpg,4,Medium,5,Cool,5,4,5,4,5,4,Cool
MST-7/0405_0_0_0_05.jpg,4,Medium,5,Cool,5,4,5,4,5,4,Cool
MST-7/0405_0_0_0_06.jpg,4,Low,5,Cool,5,4,5,5,5,4,Cool
MST-7/0405_0_0_0_07.jpg,4,Medium,5,Cool,5,4,4,4,5,4,Cool
MST-7/0405_0_0_0_08.jpg,4,Medium,5,Cool,5,4,5,4,5,4,Cool
MST-7/0450_0_0_0_01.jpg,4,Low,5,Cool,5,4,4,5,4,3,Cool
MST-7/0450_0_0_0_02.jpg,4,Low,5,Cool,4,5,4,5,4,5,Cool
MST-7/0450_0_0_0_03.jpg,4,Low,5,Neutral,4,4,4,5,4,3,Cool
MST-7/0450_0_0_0_04.jpg,4,Low,5,Cool,5,4,4,5,4,5,Cool
MST-7/0450_0_0_0_05.jpg,4,Low,5,Cool,4,5,4,5,4,5,Cool
MST-7/0450_0_0_0_06.jpg,4,Low,5,Cool,4,5,4,5,4,3,Cool
MST-7/0450_0_0_0_07.jpg,4,Medium,5,Cool,4,5,4,5,4,5,Cool
MST-7/0450_0_0_0_08.jpg,4,Low,5,Cool,4,5,5,5,4,5,Cool
MST-7/0467_0_0_0_01.jpg,4,Low,4,Cool,4,5,5,4,6,4,Cool
MST-7/0467_0_0_0_02.jpg,4,Low,4,Cool,5,5,5,5,6,4,Cool
MST-7/0467_0_0_0_03.jpg,4,High,4,Cool,4,4,4,3,4,4,Warm
MST-7/0467_0_0_0_04.jpg,4,High,4,Cool,4,4,4,4,4,4,Neutral
MST-7/0467_0_0_0_05.jpg,4,Medium,4,Cool,5,4,5,5,5,4,Cool
MST-7/0467_0_0_0_06.jpg,4,Low,4,Cool,4,5,5,4,5,4,Cool
MST-7/0467_0_0_0_07.jpg,4,Low,4,Cool,4,5,5,4,5,4,Cool
MST-7/0467_0_0_0_08.jpg,4,Low,4,Cool,4,5,5,4,5,4,Cool
MST-7/0467_0_0_0_09.jpg,4,Low,4,Cool,4,5,5,4,6,4,Cool
MST-7/0467_0_0_0_10.jpg,4,Low,4,Cool,4,5,5,4,6,4,Cool
MST-7/0467_0_0_0_11.jpg,4,Low,4,Cool,5,5,5,5,6,4,Cool
MST-7/0467_0_0_0_12.jpg,4,High,4,Cool,4,4,4,4,4,4,Neutral
MST-7/0467_0_0_0_13.jpg,4,High,4,Cool,4,4,4,4,4,5,Cool
MST-7/0467_0_0_0_14.jpg,4,Medium,4,Cool,5,4,5,5,6,4,Cool
MST-7/0467_0_0_0_15.jpg,4,Medium,4,Cool,4,4,4,5,5,4,Cool
MST-7/0467_0_0_0_16.jpg,4,Medium,4,Cool,5,4,4,5,5,4,Cool
MST-7/0471_0_0_0_01.jpg,4,Low,5,Cool,5,5,3,5,5,5,Cool
MST-7/0471_0_0_0_02.jpg,4,Low,5,Cool,5,5,6,5,6,5,Cool
MST-7/0471_0_0_0_03.jpg,4,Low,5,Cool,5,5,5,5,5,5,Cool
MST-7/0471_0_0_0_04.jpg,4,Low,5,Cool,5,5,3,5,5,5,Cool
MST-7/0471_0_0_0_05.jpg,4,Low,5,Cool,4,5,6,5,5,5,Cool
MST-7/0471_0_0_0_06.jpg,4,Low,5,Cool,5,5,6,5,5,5,Cool
MST-7/0471_0_0_0_07.jpg,4,Low,5,Cool,4,5,6,6,5,5,Cool
MST-7/0471_0_0_0_08.jpg,4,Low,5,Cool,6,5,6,6,5,5,Cool
MST-7/0491_0_0_0_01.jpg,4,Low,5,Cool,6,5,6,4,6,5,Cool
MST-7/0491_0_0_0_02.jpg,4,High,5,Cool,6,6,5,4,4,4,Cool
MST-7/0491_0_0_0_03.jpg,4,High,5,Cool,6,5,6,4,5,4,Cool
MST-7/0491_0_0_0_04.jpg,4,High,5,Cool,6,6,5,5,5,4,Cool
MST-7/0491_0_0_0_05.jpg,4,Low,5,Cool,5,5,5,5,5,5,Cool
MST-7/0491_0_0_0_06.jpg,4,Medium,5,Cool,6,6,6,6,6,5,Cool
MST-7/0491_0_0_0_07.jpg,4,Low,5,Cool,5,5,5,4,5,5,Cool
MST-7/0491_0_0_0_08.jpg,4,High,5,Cool,6,5,6,5,4,4,Cool
MST-7/0491_0_0_0_09.jpg,4,High,5,Cool,6,6,5,5,5,4,Cool
MST-7/0491_0_0_0_10.jpg,4,Low,5,Cool,6,5,6,5,5,5,Cool
MST-7/0491_0_0_0_11.jpg,4,High,5,Cool,6,6,5,4,5,4,Cool
MST-7/0491_0_0_0_12.jpg,4,Low,5,Cool,5,5,5,4,5,5,Cool
MST-7/0491_0_0_0_13.jpg,4,Low,5,Cool,5,5,5,4,5,5,Cool
MST-7/0491_0_0_0_14.jpg,4,Low,5,Cool,5,5,5,4,5,5,Cool
MST-7/0491_0_0_0_15.jpg,4,Medium,5,Cool,6,5,5,5,6,6,Cool
MST-7/0491_0_0_0_16.jpg,4,Low,5,Cool,5,5,5,4,5,5,Cool
MST-7/0561_1_0_0_03.jpg,4,Low,4,Cool,4,3,4,4,3,4,Cool
MST-7/0561_1_0_0_04.jpg,4,Medium,4,Cool,4,4,4,4,3,4,Cool
MST-7/0561_1_0_0_11.jpg,4,Low,4,Cool,4,4,4,4,5,4,Cool
MST-7/0561_2_0_0_05.jpg,4,Low,4,Cool,5,4,4,5,4,4,Cool
MST-7/0561_2_0_0_06.jpg,4,Medium,4,Cool,4,4,4,5,4,4,Cool
MST-7/0561_2_0_0_07.jpg,4,Medium,4,Cool,4,4,3,4,4,4,Cool
MST-7/0561_2_0_0_08.jpg,4,Medium,4,Cool,4,4,4,4,4,4,Cool
MST-7/0561_3_0_0_12.jpg,4,Low,4,Cool,4,4,4,5,4,4,Cool
MST-7/0561_3_0_0_13.jpg,4,Low,4,Cool,4,4,3,5,5,4,Cool
MST-7/0561_4_0_0_03.jpg,4,Medium,4,Cool,4,4,4,3,4,3,Cool
MST-7/0561_4_0_0_09.jpg,4,Low,4,Cool,4,4,4,4,4,4,Cool
MST-7/0561_4_0_0_10.jpg,4,Low,4,Cool,4,4,4,4,4,4,Cool
MST-7/0561_4_0_0_11.jpg,4,Medium,4,Cool,4,4,4,3,4,4,Cool
MST-7/0561_5_0_0_04.jpg,4,Low,4,Cool,4,4,4,5,4,4,Cool
MST-7/0561_5_0_0_06.jpg,4,Medium,4,Cool,4,4,4,4,4,3,Cool
MST-7/0561_5_0_0_14.jpg,4,Low,4,Cool,4,4,4,5,4,4,Cool
MST-7/0561_6_0_0_02.jpg,4,Low,4,Cool,5,5,3,4,5,4,Cool
MST-7/0561_6_0_0_08.jpg,4,Low,4,Cool,5,5,3,4,3,4,Cool
MST-7/0561_6_0_0_10.jpg,4,Medium,4,Cool,4,4,4,4,4,3,Cool
MST-7/0561_7_0_0_01.jpg,4,Low,4,Cool,5,4,4,4,4,4,Cool
MST-7/0561_7_0_0_07.jpg,4,Medium,4,Cool,4,4,4,3,4,4,Cool
MST-7/0561_7_0_0_09.jpg,4,Medium,4,Cool,4,4,3,4,4,4,Cool
MST-7/0567_0_0_0_01.jpg,4,Medium,5,Neutral,4,4,4,4,4,5,Cool
MST-7/0567_0_0_0_02.jpg,4,Medium,4,Cool,6,4,4,5,4,4,Cool
MST-7/0567_0_0_0_03.jpg,4,Medium,5,Neutral,4,4,4,4,4,5,Cool
MST-7/0567_0_0_0_04.jpg,4,Medium,5,Neutral,4,4,4,4,4,4,Cool
MST-7/0567_0_0_0_05.jpg,4,Medium,5,Neutral,4,4,4,5,4,5,Cool
MST-7/0595_0_0_0_01.jpg,4,Medium,4,Cool,4,3,3,4,4,4,Cool
MST-7/0595_0_0_0_02.jpg,4,Medium,4,Neutral,4,4,3,3,5,3,Cool
MST-7/0595_0_0_0_03.jpg,4,Medium,4,Neutral,4,3,4,3,5,4,Cool
MST-7/0595_0_0_0_04.jpg,4,Medium,4,Neutral,4,4,3,3,4,4,Cool
MST-7/0595_0_0_0_05.jpg,4,Medium,4,Neutral,4,3,4,3,4,4,Cool
MST-7/0621_0_0_0_01.jpg,4,Medium,5,Neutral,2,5,5,4,6,5,Cool
MST-7/0621_0_0_0_02.jpg,4,Medium,4,Cool,4,5,4,4,4,4,Cool
MST-7/0621_0_0_0_03.jpg,4,Medium,4,Cool,3,5,4,4,4,4,Cool
MST-7/0621_0_0_0_04.jpg,4,Medium,4,Cool,4,5,4,4,4,4,Cool
MST-7/0621_0_0_0_05.jpg,4,Medium,4,Cool,3,5,4,4,4,4,Cool
MST-7/0683_0_0_0_01.jpg,4,Medium,5,Cool,4,4,5,4,4,4,Cool
MST-7/0683_0_0_0_02.jpg,4,Medium,5,Cool,4,4,5,4,4,4,Cool
MST-7/0683_0_0_0_03.jpg,4,Medium,5,Neutral,4,4,4,4,4,4,Cool
MST-7/0683_0_0_0_04.jpg,4,Medium,5,Neutral,4,4,4,4,4,4,Cool
MST-7/0683_0_0_0_05.jpg,4,Medium,5,Cool,4,4,5,4,4,5,Cool
MST-7/0709_1_0_0_06.jpg,4,Medium,4,Cool,4,4,4,4,4,4,Cool
MST-7/0709_1_0_0_13.jpg,4,Medium,4,Cool,4,4,4,4,4,4,Cool
MST-7/0709_1_0_0_14.jpg,4,Medium,4,Cool,4,4,3,4,4,4,Cool
MST-7/0709_1_0_0_15.jpg,4,Medium,4,Cool,4,4,4,4,3,3,Cool
MST-7/0709_2_0_0_01.jpg,4,Medium,4,Cool,4,4,4,4,4,4,Cool
MST-7/0709_2_0_0_05.jpg,4,Medium,4,Cool,4,4,4,4,2,4,Cool
MST-7/0709_2_0_0_07.jpg,4,Medium,4,Cool,4,4,4,4,4,4,Cool
MST-7/0709_3_0_0_04.jpg,4,Medium,4,Cool,3,3,4,4,4,4,Cool
MST-7/0709_3_0_0_15.jpg,4,Medium,4,Cool,4,4,5,4,4,4,Cool
MST-7/0709_3_0_0_16.jpg,4,Medium,4,Cool,4,4,5,4,4,4,Cool
MST-7/0709_3_0_0_17.jpg,4,Medium,4,Cool,4,4,4,4,4,4,Cool
MST-7/0709_4_0_0_03.jpg,4,Medium,4,Cool,4,4,4,4,4,4,Cool
MST-7/0709_4_0_0_05.jpg,4,Medium,4,Cool,4,4,4,3,4,4,Cool
MST-7/0709_4_0_0_11.jpg,4,Medium,4,Cool,4,4,4,4,4,4,Cool
MST-7/0709_4_0_0_12.jpg,4,Medium,4,Cool,4,4,4,4,4,4,Cool
MST-7/0709_5_0_0_18.jpg,4,Medium,4,Cool,4,4,4,4,4,4,Cool
MST-7/0709_5_0_0_19.jpg,4,Medium,4,Cool,4,4,4,4,4,4,Cool
MST-7/0709_5_0_0_20.jpg,4,Medium,4,Cool,4,4,4,4,4,4,Cool
MST-7/0709_6_0_0_02.jpg,4,Medium,4,Cool,4,4,4,4,4,4,Cool
MST-7/0709_6_0_0_03.jpg,4,Low,5,Cool,4,4,4,4,4,4,Cool
MST-7/0709_6_0_0_04.jpg,4,Low,4,Cool,4,4,4,4,4,4,Cool
MST-7/0709_6_0_0_09.jpg,4,Medium,4,Cool,4,4,4,4,4,4,Cool
MST-7/0709_6_0_0_10.jpg,4,Low,4,Cool,4,4,4,4,4,4,Cool
MST-7/0709_7_0_0_02.jpg,4,Medium,4,Cool,4,4,4,4,4,4,Cool
MST-7/0709_7_0_0_06.jpg,4,Medium,4,Cool,4,4,4,4,4,4,Cool
MST-7/0709_7_0_0_07.jpg,4,Medium,4,Cool,4,4,4,4,4,4,Cool
MST-7/0709_7_0_0_08.jpg,4,Medium,4,Cool,4,4,4,4,4,4,Cool
MST-7/0709_7_0_0_09.jpg,4,Medium,4,Cool,5,4,4,4,4,4,Cool
MST-7/0732_0_0_0_01.jpg,4,Low,3,Cool,4,5,6,4,4,6,Cool
MST-7/0732_0_0_0_02.jpg,4,Low,4,Cool,5,5,6,5,4,6,Cool
MST-7/0732_0_0_0_04.jpg,4,Medium,5,Cool,5,4,5,4,4,4,Cool
MST-7/0732_0_0_0_05.jpg,4,Low,5,Cool,5,5,6,5,4,6,Cool
MST-7/0732_0_0_0_06.jpg,4,Low,4,Cool,4,5,6,4,4,3,Cool
MST-7/0732_0_0_0_07.jpg,4,Low,5,Cool,5,5,6,4,5,6,Cool
MST-7/0732_0_0_0_08.jpg,4,Medium,5,Cool,5,4,4,4,6,4,Cool
MST-7/0732_0_0_0_09.jpg,4,Medium,5,Cool,5,4,4,4,6,4,Cool
MST-7/0732_0_0_0_10.jpg,4,Medium,5,Cool,5,4,5,4,4,4,Cool
MST-7/0791_0_0_0_01.jpg,4,Low,4,Cool,4,4,5,4,5,4,Cool
MST-7/0791_0_0_0_02.jpg,4,Medium,4,Cool,4,4,4,4,4,4,Cool
MST-7/0791_0_0_0_03.jpg,4,Low,4,Cool,4,4,5,5,5,4,Cool
MST-7/0791_0_0_0_04.jpg,4,Low,4,Cool,4,4,5,5,4,4,Cool
MST-7/0791_0_0_0_05.jpg,4,Medium,4,Cool,4,4,4,4,4,4,Cool
MST-7/0791_0_0_0_06.jpg,4,Medium,4,Cool,4,4,5,4,4,4,Cool
MST-7/0791_0_0_0_07.jpg,4,Medium,4,Cool,4,4,4,4,4,4,Cool
MST-7/0791_0_0_0_08.jpg,4,Medium,4,Cool,4,4,4,4,5,4,Cool
MST-7/0791_0_0_0_09.jpg,4,Medium,4,Cool,4,4,4,4,4,4,Cool
MST-7/0791_0_0_0_10.jpg,4,Medium,4,Cool,4,4,5,4,5,4,Cool
MST-7/0800_0_0_0_01.jpg,4,Low,5,Cool,4,5,4,6,2,4,Neutral
MST-7/0800_0_0_0_02.jpg,4,Low,4,Cool,4,5,5,5,1,4,Cool
MST-7/0800_0_0_0_03.jpg,4,Low,5,Neutral,4,6,5,6,6,4,Cool
MST-7/0800_0_0_0_04.jpg,4,Low,5,Cool,4,4,6,6,4,5,Cool
MST-7/0800_0_0_0_05.jpg,4,Low,5,Cool,3,4,5,5,5,4,Cool
MST-7/0800_0_0_0_06.jpg,4,Low,5,Cool,4,4,5,6,5,4,Cool
MST-7/0800_0_0_0_07.jpg,4,Low,5,Cool,4,5,6,6,5,6,Cool
MST-7/0800_0_0_0_08.jpg,4,Low,5,Cool,4,4,6,5,5,4,Cool
MST-7/0800_0_0_0_09.jpg,4,Low,4,Cool,4,5,4,6,5,4,Cool
MST-7/0800_0_0_0_10.jpg,4,Low,5,Cool,4,5,6,5,4,4,Cool
MST-7/0800_0_0_0_11.jpg,4,Medium,4,Cool,4,6,4,5,3,4,Cool
MST-7/0800_0_0_0_12.jpg,4,Medium,4,Cool,4,4,5,5,3,4,Cool
MST-7/0800_0_0_0_13.jpg,4,Medium,4,Cool,4,6,4,4,3,4,Cool
MST-7/0800_0_0_0_14.jpg,4,Medium,4,Cool,4,6,5,5,3,4,Cool
MST-7/0806_0_0_0_02.jpg,4,Low,4,Cool,5,3,6,4,6,4,Cool
MST-7/0807_0_0_0_01.jpg,4,Low,5,Cool,4,4,6,4,4,4,Cool
MST-7/0807_0_0_0_02.jpg,4,Low,5,Cool,4,4,6,4,4,4,Cool
MST-7/0807_0_0_0_03.jpg,4,Low,5,Cool,4,4,6,4,5,3,Cool
MST-7/0807_0_0_0_04.jpg,4,Low,5,Cool,4,4,6,4,4,4,Cool
MST-7/0807_0_0_0_05.jpg,4,Low,5,Cool,4,4,6,4,5,4,Cool
MST-7/0828_1_0_0_05.jpg,4,Medium,5,Cool,5,5,4,6,4,5,Cool
MST-7/0828_1_0_0_08.jpg,4,Medium,5,Cool,4,5,5,5,4,5,Cool
MST-7/0828_1_0_0_14.jpg,4,Medium,5,Cool,5,5,4,5,4,5,Cool
MST-7/0828_1_0_0_22.jpg,4,Medium,5,Cool,5,5,5,6,4,5,Cool
MST-7/0828_1_0_0_23.jpg,4,Medium,5,Cool,5,5,5,6,4,5,Cool
MST-7/0828_2_0_0_01.jpg,4,Medium,5,Cool,6,5,4,6,4,5,Cool
MST-7/0828_2_0_0_07.jpg,4,Medium,5,Cool,6,5,4,6,4,5,Cool
MST-7/0828_2_0_0_08.jpg,4,Medium,5,Cool,6,4,4,6,4,5,Cool
MST-7/0828_2_0_0_09.jpg,4,Medium,5,Cool,6,4,5,6,4,5,Cool
MST-7/0828_2_0_0_10.jpg,4,Medium,5,Cool,6,5,4,6,4,5,Cool
MST-7/0828_3_0_0_16.jpg,4,Medium,5,Cool,5,5,5,5,5,5,Cool
MST-7/0828_3_0_0_17.jpg,4,Medium,5,Cool,5,5,5,5,5,5,Cool
MST-7/0828_3_0_0_18.jpg,4,Medium,5,Cool,5,5,5,5,5,5,Cool
MST-7/0828_3_0_0_24.jpg,4,Medium,5,Cool,5,5,4,6,4,5,Cool
MST-7/0828_3_0_0_25.jpg,4,Medium,5,Cool,5,5,4,6,4,5,Cool
MST-7/0828_3_0_0_26.jpg,4,Medium,5,Cool,5,5,4,6,4,5,Cool
MST-7/0828_4_0_0_03.jpg,4,Low,5,Cool,5,6,6,5,2,5,Cool
MST-7/0828_4_0_0_04.jpg,4,Medium,5,Cool,5,5,4,5,4,5,Cool
MST-7/0828_4_0_0_07.jpg,4,Medium,5,Cool,4,5,4,4,4,5,Cool
MST-7/0828_4_0_0_12.jpg,4,Medium,5,Cool,5,5,5,4,4,5,Cool
MST-7/0828_4_0_0_13.jpg,4,Medium,5,Cool,4,5,5,4,4,5,Cool
MST-7/0828_4_0_0_18.jpg,4,Low,5,Cool,5,6,4,4,2,4,Cool
MST-7/0828_4_0_0_19.jpg,4,Low,5,Cool,6,6,6,5,6,6,Cool
MST-7/0828_4_0_0_20.jpg,4,Medium,5,Cool,5,5,6,5,4,5,Cool
MST-7/0828_4_0_0_21.jpg,4,Medium,5,Cool,5,5,6,6,4,5,Cool
MST-7/0828_5_0_0_06.jpg,4,Medium,5,Cool,5,4,4,6,4,5,Cool
MST-7/0828_5_0_0_09.jpg,4,Low,5,Cool,4,5,5,5,4,5,Cool
MST-7/0828_5_0_0_19.jpg,4,Medium,5,Cool,5,5,4,5,4,5,Cool
MST-7/0828_5_0_0_20.jpg,4,Medium,5,Cool,4,5,5,5,5,5,Cool
MST-7/0828_5_0_0_27.jpg,4,Medium,5,Cool,5,5,4,6,4,5,Cool
MST-7/0828_5_0_0_28.jpg,4,Medium,5,Cool,5,5,5,6,4,5,Cool
MST-7/0828_6_0_0_15.jpg,4,Medium,5,Cool,6,4,4,6,4,5,Cool
MST-7/0828_6_0_0_16.jpg,4,Medium,5,Cool,6,4,4,5,4,5,Cool
MST-7/0828_6_0_0_17.jpg,4,Medium,5,Cool,6,5,5,6,4,5,Cool
MST-7/0828_7_0_0_02.jpg,4,Medium,5,Cool,6,4,6,6,4,5,Cool
MST-7/0828_7_0_0_11.jpg,4,Medium,5,Cool,6,4,6,6,4,5,Cool
MST-7/0828_7_0_0_12.jpg,4,Medium,5,Cool,6,4,6,6,3,5,Cool
MST-7/0828_7_0_0_13.jpg,4,Medium,5,Cool,6,4,6,6,4,5,Cool
MST-7/0828_7_0_0_14.jpg,4,Medium,5,Cool,6,4,6,6,3,5,Cool
MST-7/0851_0_0_0_01.jpg,4,Medium,4,Neutral,4,4,4,3,4,4,Cool
MST-7/0851_0_0_0_02.jpg,4,Low,4,Cool,4,5,4,4,5,5,Cool
MST-7/0851_0_0_0_03.jpg,4,Medium,3,Cool,4,4,4,4,5,5,Cool
MST-7/0851_0_0_0_04.jpg,4,Low,3,Cool,5,4,4,4,5,3,Cool
MST-7/0851_0_0_0_05.jpg,4,Medium,4,Warm,4,4,4,3,3,4,Cool
MST-7/0851_0_0_0_06.jpg,4,Low,3,Cool,4,5,4,4,5,5,Cool
MST-7/0851_0_0_0_07.jpg,4,Low,3,Cool,4,5,4,4,4,5,Cool
MST-7/0851_0_0_0_08.jpg,4,Low,3,Cool,5,5,4,5,5,5,Cool
MST-7/0851_0_0_0_09.jpg,4,Low,4,Cool,4,4,4,4,4,5,Cool
MST-7/0851_0_0_0_10.jpg,4,Low,4,Cool,4,4,4,4,4,5,Cool
MST-7/0851_0_2_0_01.jpg,4,High,4,Cool,4,4,5,4,4,4,Cool
MST-7/0851_0_2_0_05.jpg,4,High,4,Cool,6,4,6,4,4,4,Cool
MST-7/0883_0_0_0_01.jpg,4,Medium,5,Cool,6,6,6,6,6,6,Warm
MST-7/0883_0_0_0_02.jpg,4,Medium,5,Cool,5,4,6,6,4,5,Cool
MST-7/0883_0_0_0_03.jpg,4,High,5,Cool,6,6,4,5,4,6,Cool
MST-7/0883_0_0_0_04.jpg,4,Medium,5,Cool,6,6,6,6,6,6,Warm
MST-7/0883_0_0_0_05.jpg,4,High,5,Cool,6,6,6,5,6,6,Warm
MST-7/0883_0_0_0_06.jpg,4,Medium,5,Cool,6,6,6,6,6,6,Warm
MST-7/0883_0_0_0_07.jpg,4,Medium,5,Cool,6,6,6,5,6,6,Warm
MST-7/0883_0_0_0_08.jpg,4,Medium,5,Cool,6,6,6,5,6,6,Warm
MST-7/0883_0_0_0_09.jpg,4,Medium,5,Cool,6,6,6,5,6,6,Warm
MST-7/0883_0_0_0_10.jpg,4,Medium,5,Cool,6,6,6,6,6,6,Warm
MST-7/0883_0_0_0_11.jpg,4,Medium,5,Cool,6,5,6,5,4,5,Cool
MST-7/0883_0_0_0_12.jpg,4,Medium,5,Cool,5,4,6,5,4,5,Cool
MST-7/0883_0_0_0_13.jpg,4,Medium,5,Cool,5,4,6,5,4,5,Cool
MST-7/0883_0_0_0_14.jpg,4,High,5,Cool,6,6,5,5,4,6,Cool
MST-7/0883_0_0_0_15.jpg,4,Medium,5,Cool,5,5,6,5,4,5,Cool
MST-7/0883_0_0_0_16.jpg,4,Medium,5,Cool,5,4,6,5,4,5,Cool
MST-7/0883_0_2_0_11.jpg,4,High,5,Cool,6,6,6,5,6,6,Cool
MST-7/0883_0_2_0_12.jpg,4,High,5,Cool,6,4,6,6,6,6,Cool
MST-7/0883_0_2_0_13.jpg,4,High,5,Cool,6,6,5,6,4,6,Cool
MST-7/0883_0_2_0_16.jpg,4,High,5,Cool,6,6,6,6,6,6,Cool
MST-7/1025_0_0_0_01.jpg,4,Medium,4,Warm,5,4,4,4,3,5,Cool
MST-7/1025_0_0_0_02.jpg,4,Medium,4,Warm,5,4,4,4,2,5,Cool
MST-7/1025_0_0_0_03.jpg,4,Medium,4,Warm,5,4,4,4,3,5,Cool
MST-7/1025_0_0_0_04.jpg,4,Medium,4,Warm,5,4,4,4,4,4,Cool
MST-7/1025_0_0_0_05.jpg,4,Medium,4,Warm,5,4,4,4,3,4,Cool
MST-7/1025_0_0_0_06.jpg,4,Medium,4,Warm,5,4,4,4,2,5,Cool
MST-7/1025_0_0_0_07.jpg,4,Medium,4,Warm,5,3,4,4,3,4,Cool
MST-7/1025_0_0_0_08.jpg,4,Medium,4,Warm,5,4,4,4,2,5,Cool
MST-7/1025_0_0_0_09.jpg,4,Medium,5,Warm,5,4,4,4,4,5,Cool
MST-7/1025_0_0_0_10.jpg,4,Medium,5,Warm,5,4,4,4,4,5,Cool
MST-7/1129_0_0_0_01.jpg,4,Medium,4,Cool,5,4,4,4,4,4,Cool
MST-7/1129_0_0_0_02.jpg,4,Medium,5,Cool,5,4,4,4,4,5,Cool
MST-7/1129_0_0_0_03.jpg,4,Medium,4,Cool,5,4,4,4,4,4,Cool
MST-7/1129_0_0_0_04.jpg,4,Medium,4,Cool,5,4,4,4,4,5,Cool
MST-7/1129_0_0_0_05.jpg,4,Medium,4,Cool,5,4,4,4,4,5,Cool
MST-7/1129_0_0_0_06.jpg,4,Medium,4,Cool,5,4,4,4,4,5,Cool
MST-7/1129_0_0_0_07.jpg,4,Medium,4,Cool,5,4,4,4,4,4,Cool
MST-7/1129_0_0_0_08.jpg,4,Medium,4,Cool,5,4,4,4,4,4,Cool
MST-7/1129_0_0_0_09.jpg,4,Medium,4,Cool,5,4,4,4,4,5,Cool
MST-7/1129_0_0_0_10.jpg,4,Medium,4,Cool,5,4,5,4,4,4,Cool
MST-7/train_1227_FairFace1227_face_1.jpg,4,Low,3,Neutral,2,4,3,3,2,3,Cool
MST-7/train_319_FairFace319_face_1.jpg,4,Low,4,Warm,3,3,4,4,4,3,Cool
MST-8/0096_0_0_0_01.jpg,5,Low,3,Cool,4,3,4,4,4,3,Cool
MST-8/0096_0_0_0_02.jpg,5,Low,3,Cool,3,3,3,4,2,3,Neutral
MST-8/0096_0_0_0_03.jpg,5,Low,3,Cool,3,3,4,4,4,3,Neutral
MST-8/0096_0_0_0_04.jpg,5,Low,3,Cool,5,4,4,5,5,3,Cool
MST-8/0096_0_0_0_05.jpg,5,Low,5,Cool,5,5,5,5,5,4,Cool
MST-8/0096_0_0_0_06.jpg,5,Low,5,Cool,5,5,5,5,4,4,Cool
MST-8/0096_0_0_0_07.jpg,5,Low,3,Cool,3,3,4,4,4,3,Neutral
MST-8/0096_0_0_0_08.jpg,5,Low,3,Cool,3,4,4,4,3,3,Neutral
MST-8/0096_0_0_0_09.jpg,5,Low,3,Cool,3,4,4,4,3,3,Neutral
MST-8/0096_0_0_0_10.jpg,5,Low,4,Cool,5,4,4,5,1,3,Cool
MST-8/0096_0_0_0_11.jpg,5,Low,3,Cool,3,4,4,4,4,3,Neutral
MST-8/0096_0_0_0_12.jpg,5,Low,4,Cool,3,4,4,4,4,3,Neutral
MST-8/0096_0_0_0_13.jpg,5,Low,5,Cool,5,5,5,5,5,5,Cool
MST-8/0096_0_0_0_14.jpg,5,Low,5,Cool,5,5,5,5,5,5,Cool
MST-8/0096_0_0_0_15.jpg,5,Low,5,Cool,5,5,5,5,5,5,Cool
MST-8/0096_0_0_0_16.jpg,5,Low,5,Cool,5,5,5,4,5,5,Cool
MST-8/0133_0_0_0_01.jpg,5,Medium,5,Cool,6,6,5,6,4,5,Cool
MST-8/0133_0_0_0_02.jpg,5,Medium,5,Cool,5,5,5,5,1,5,Cool
MST-8/0133_0_0_0_03.jpg,5,Medium,5,Cool,6,6,5,6,6,5,Cool
MST-8/0133_0_0_0_04.jpg,5,Medium,5,Cool,6,5,5,5,1,5,Cool
MST-8/0133_0_0_0_05.jpg,5,Low,5,Cool,6,4,5,5,4,5,Neutral
MST-8/0194_0_0_0_01.jpg,5,Low,5,Cool,6,6,6,5,5,5,Warm
MST-8/0194_0_0_0_02.jpg,5,Low,5,Cool,6,6,6,5,6,5,Warm
MST-8/0194_0_0_0_03.jpg,5,Low,5,Cool,5,6,6,5,6,5,Warm
MST-8/0194_0_0_0_04.jpg,5,Low,5,Warm,5,6,4,5,4,5,Cool
MST-8/0194_0_0_0_05.jpg,5,Low,5,Cool,6,5,6,5,5,5,Warm
MST-8/0194_0_0_0_06.jpg,5,Low,5,Cool,6,6,6,6,5,5,Warm
MST-8/0194_0_0_0_07.jpg,5,Low,5,Cool,6,6,6,5,5,5,Cool
MST-8/0194_0_0_0_08.jpg,5,Low,5,Cool,6,6,6,5,5,5,Cool
MST-8/0200_0_0_0_01.jpg,5,Low,4,Cool,4,4,4,4,5,4,Cool
MST-8/0200_0_0_0_02.jpg,5,Low,5,Cool,5,4,4,4,1,4,Warm
MST-8/0200_0_0_0_03.jpg,5,Low,5,Warm,5,4,6,4,6,4,Cool
MST-8/0200_0_0_0_04.jpg,5,Medium,4,Cool,4,4,4,4,5,5,Cool
MST-8/0200_0_0_0_05.jpg,5,Medium,5,Cool,4,4,3,4,6,5,Cool
MST-8/0200_0_0_0_06.jpg,5,Medium,4,Cool,4,4,4,4,5,4,Cool
MST-8/0200_0_0_0_07.jpg,5,Medium,4,Cool,4,4,4,4,6,4,Cool
MST-8/0200_0_0_0_08.jpg,5,Medium,4,Cool,4,4,4,4,4,4,Cool
MST-8/0200_0_0_0_09.jpg,5,Low,5,Neutral,4,4,4,4,5,4,Cool
MST-8/0200_0_0_0_10.jpg,5,Low,4,Neutral,5,4,4,4,5,4,Cool
MST-8/0200_0_0_0_11.jpg,5,Low,5,Neutral,4,4,4,4,5,4,Cool
MST-8/0200_0_0_0_12.jpg,5,Low,5,Cool,5,4,4,4,5,4,Cool
MST-8/0200_0_0_0_13.jpg,5,Low,5,Neutral,4,4,4,4,5,4,Cool
MST-8/0200_0_0_0_14.jpg,5,Low,5,Neutral,4,4,4,4,5,4,Cool
MST-8/0200_0_0_0_15.jpg,5,Low,4,Neutral,4,4,4,4,4,4,Cool
MST-8/0200_0_0_0_16.jpg,5,Low,5,Neutral,4,4,4,4,5,4,Cool
MST-8/0200_0_0_0_17.jpg,5,Low,5,Cool,4,5,5,5,5,4,Cool
MST-8/0200_0_0_0_18.jpg,5,Low,5,Cool,4,4,4,5,5,4,Cool
MST-8/0200_0_0_0_19.jpg,5,Low,5,Neutral,4,4,4,5,5,4,Cool
MST-8/0200_0_0_0_20.jpg,5,Low,5,Neutral,4,4,4,4,5,4,Cool
MST-8/0200_0_0_0_21.jpg,5,Low,5,Neutral,4,3,4,5,5,4,Cool
MST-8/0200_0_0_0_22.jpg,5,Low,5,Cool,4,4,4,5,5,4,Cool
MST-8/0200_0_0_0_23.jpg,5,Low,4,Neutral,4,4,4,4,5,4,Cool
MST-8/0200_0_0_0_24.jpg,5,Low,5,Warm,5,5,4,4,6,6,Cool
MST-8/0248_0_0_0_01.jpg,5,Medium,5,Cool,5,6,4,6,4,5,Cool
MST-8/0248_0_0_0_02.jpg,5,Medium,5,Cool,5,5,4,6,6,5,Cool
MST-8/0248_0_0_0_03.jpg,5,Medium,5,Cool,5,4,4,6,6,5,Cool
MST-8/0248_0_0_0_04.jpg,5,Medium,5,Cool,5,4,4,6,4,5,Cool
MST-8/0248_0_0_0_05.jpg,5,Medium,5,Cool,5,6,3,6,5,5,Cool
MST-8/0248_0_0_0_06.jpg,5,Medium,5,Cool,5,5,4,6,4,5,Cool
MST-8/0248_0_0_0_07.jpg,5,Medium,5,Cool,6,4,4,6,6,5,Cool
MST-8/0248_0_0_0_08.jpg,5,Medium,5,Cool,5,5,5,6,6,4,Cool
MST-8/0377_0_0_0_01.jpg,5,Low,5,Cool,4,4,5,5,4,3,Cool
MST-8/0377_0_0_0_02.jpg,5,Low,5,Cool,4,4,3,5,5,3,Cool
MST-8/0377_0_0_0_03.jpg,5,Low,3,Cool,4,3,4,5,5,3,Cool
MST-8/0377_0_0_0_04.jpg,5,Low,3,Cool,4,3,4,5,4,3,Cool
MST-8/0377_0_0_0_05.jpg,5,Low,5,Cool,4,4,5,5,4,3,Cool
MST-8/0377_0_0_0_06.jpg,5,Low,5,Cool,4,4,4,5,5,3,Cool
MST-8/0377_0_0_0_07.jpg,5,Low,3,Cool,4,4,4,5,5,3,Cool
MST-8/0377_0_0_0_08.jpg,5,Low,3,Cool,4,4,4,5,4,3,Cool
MST-8/0396_0_0_0_01.jpg,5,Low,5,Cool,5,5,5,5,5,5,Cool
MST-8/0396_0_0_0_02.jpg,5,Low,5,Cool,5,5,5,5,4,5,Cool
MST-8/0396_0_0_0_03.jpg,5,Low,5,Cool,5,5,5,5,5,5,Cool
MST-8/0396_0_0_0_04.jpg,5,Low,5,Cool,4,5,5,5,5,5,Cool
MST-8/0396_0_0_0_05.jpg,5,Low,5,Cool,4,5,5,5,5,5,Cool
MST-8/0396_0_0_0_06.jpg,5,Low,5,Cool,5,5,5,5,5,5,Cool
MST-8/0396_0_0_0_07.jpg,5,Low,5,Cool,5,5,5,5,5,5,Cool
MST-8/0396_0_0_0_08.jpg,5,Low,5,Cool,4,5,5,5,4,5,Cool
MST-8/0396_0_0_0_09.jpg,5,Low,5,Cool,5,5,5,5,5,5,Cool
MST-8/0414_0_0_0_01.jpg,5,Low,5,Cool,5,5,5,5,4,4,Cool
MST-8/0414_0_0_0_02.jpg,5,Low,5,Cool,5,5,5,5,4,4,Cool
MST-8/0414_0_0_0_03.jpg,5,Low,5,Cool,5,5,5,5,4,5,Cool
MST-8/0414_0_0_0_04.jpg,5,Low,5,Cool,5,5,5,5,4,5,Cool
MST-8/0414_0_0_0_05.jpg,5,Low,5,Cool,5,4,5,5,4,4,Cool
MST-8/0414_0_0_0_06.jpg,5,Low,5,Cool,5,4,5,5,4,5,Cool
MST-8/0414_0_0_0_07.jpg,5,Low,5,Cool,5,5,5,5,4,4,Cool
MST-8/0414_0_0_0_08.jpg,5,Low,5,Cool,5,5,5,5,4,4,Cool
MST-8/0422_0_0_0_01.jpg,5,Low,5,Cool,4,4,5,4,4,5,Cool
MST-8/0422_0_0_0_02.jpg,5,Medium,5,Cool,4,4,5,4,4,4,Cool
MST-8/0422_0_0_0_03.jpg,5,Medium,5,Cool,4,5,5,4,4,4,Cool
MST-8/0422_0_0_0_04.jpg,5,Medium,5,Cool,5,4,5,4,4,4,Cool
MST-8/0422_0_0_0_05.jpg,5,Low,5,Cool,4,4,5,3,4,4,Cool
MST-8/0422_0_0_0_06.jpg,5,Low,5,Cool,4,5,5,4,4,4,Cool
MST-8/0422_0_0_0_07.jpg,5,Low,5,Cool,5,5,5,4,4,4,Cool
MST-8/0422_0_0_0_08.jpg,5,Medium,5,Cool,4,5,5,4,4,4,Cool
MST-8/0468_0_0_0_01.jpg,5,Low,5,Cool,5,5,3,6,4,5,Cool
MST-8/0468_0_0_0_02.jpg,5,Low,5,Cool,5,5,5,6,4,6,Cool
MST-8/0468_0_0_0_03.jpg,5,Low,5,Cool,5,4,4,6,4,5,Cool
MST-8/0468_0_0_0_04.jpg,5,Low,5,Cool,6,5,5,5,4,5,Cool
MST-8/0468_0_0_0_05.jpg,5,Low,5,Cool,5,5,5,5,4,5,Cool
MST-8/0468_0_0_0_06.jpg,5,Low,5,Cool,5,5,5,5,5,5,Cool
MST-8/0468_0_0_0_07.jpg,5,Low,5,Cool,5,4,5,5,5,5,Cool
MST-8/0468_0_0_0_08.jpg,5,Low,5,Cool,6,5,3,5,5,5,Cool
MST-8/0496_0_0_0_01.jpg,5,Low,5,Cool,5,5,4,5,5,5,Cool
MST-8/0496_0_0_0_02.jpg,5,Medium,4,Neutral,4,4,4,5,5,5,Cool
MST-8/0496_0_0_0_03.jpg,5,Medium,5,Neutral,5,5,4,5,5,5,Cool
MST-8/0496_0_0_0_04.jpg,5,Low,5,Cool,5,5,5,5,4,5,Cool
MST-8/0496_0_0_0_05.jpg,5,Medium,5,Neutral,5,5,4,5,4,5,Cool
MST-8/0496_0_0_0_06.jpg,5,Low,5,Cool,5,5,4,5,5,5,Cool
MST-8/0496_0_0_0_07.jpg,5,Medium,5,Neutral,5,4,4,5,5,5,Cool
MST-8/0496_0_0_0_08.jpg,5,Medium,5,Neutral,5,5,4,5,5,5,Cool
MST-8/0497_0_0_0_01.jpg,5,High,5,Cool,5,4,5,6,4,4,Cool
MST-8/0497_0_0_0_02.jpg,5,Low,5,Cool,5,4,4,4,6,5,Cool
MST-8/0497_0_0_0_03.jpg,5,Low,5,Cool,5,4,5,4,5,5,Cool
MST-8/0497_0_0_0_04.jpg,5,Low,5,Cool,5,5,5,4,5,5,Cool
MST-8/0497_0_0_0_05.jpg,5,Medium,5,Cool,4,4,4,4,6,5,Cool
MST-8/0497_0_0_0_06.jpg,5,Medium,5,Cool,4,4,4,4,5,5,Cool
MST-8/0497_0_0_0_07.jpg,5,Medium,5,Cool,4,4,4,4,6,5,Cool
MST-8/0497_0_0_0_08.jpg,5,Medium,5,Cool,4,4,4,4,6,5,Cool
MST-8/0497_0_0_0_09.jpg,5,Medium,5,Cool,4,4,4,4,5,5,Cool
MST-8/0497_0_0_0_10.jpg,5,Medium,5,Cool,4,4,4,4,3,5,Cool
MST-8/0497_0_0_0_11.jpg,5,Low,4,Cool,4,5,4,5,4,4,Cool
MST-8/0497_0_0_0_12.jpg,5,High,5,Cool,5,4,5,6,4,4,Cool
MST-8/0497_0_0_0_13.jpg,5,Low,5,Cool,4,4,4,4,5,5,Cool
MST-8/0497_0_0_0_14.jpg,5,Low,5,Cool,4,4,4,4,5,5,Cool
MST-8/0497_0_0_0_15.jpg,5,Low,5,Cool,5,4,4,4,5,5,Cool
MST-8/0497_0_0_0_16.jpg,5,Low,5,Cool,4,5,4,4,4,4,Cool
MST-8/0505_0_0_0_01.jpg,5,Medium,5,Cool,4,4,4,4,5,5,Cool
MST-8/0505_0_0_0_02.jpg,5,Medium,4,Cool,4,4,4,4,5,4,Cool
MST-8/0505_0_0_0_03.jpg,5,Low,5,Cool,4,4,5,4,5,5,Cool
MST-8/0505_0_0_0_04.jpg,5,Low,5,Cool,4,4,4,4,5,5,Cool
MST-8/0505_0_0_0_05.jpg,5,Low,5,Cool,4,4,5,4,5,4,Cool
MST-8/0505_0_0_0_06.jpg,5,Low,5,Cool,4,4,5,4,5,4,Cool
MST-8/0505_0_0_0_07.jpg,5,Low,5,Cool,4,4,4,4,5,4,Cool
MST-8/0505_0_0_0_08.jpg,5,Low,5,Cool,4,5,5,4,5,4,Cool
MST-8/0522_0_0_0_01.jpg,5,Medium,5,Cool,4,4,5,4,4,5,Cool
MST-8/0522_0_0_0_02.jpg,5,Medium,5,Cool,5,4,5,4,4,5,Cool
MST-8/0522_0_0_0_03.jpg,5,Medium,5,Cool,5,4,5,4,5,5,Cool
MST-8/0522_0_0_0_04.jpg,5,Medium,4,Cool,4,5,5,4,4,5,Cool
MST-8/0522_0_0_0_05.jpg,5,Medium,5,Cool,5,5,4,5,4,5,Cool
MST-8/0522_0_0_0_06.jpg,5,Medium,5,Cool,5,5,5,4,4,5,Cool
MST-8/0522_0_0_0_07.jpg,5,Medium,5,Cool,5,4,5,5,4,5,Cool
MST-8/0522_0_0_0_08.jpg,5,Medium,5,Cool,4,4,5,5,4,5,Cool
MST-8/0524_0_0_0_01.jpg,5,Medium,5,Cool,5,5,5,5,5,5,Cool
MST-8/0524_0_0_0_02.jpg,5,Medium,5,Cool,5,5,5,4,5,5,Cool
MST-8/0524_0_0_0_03.jpg,5,Medium,5,Cool,5,5,5,4,5,5,Cool
MST-8/0524_0_0_0_04.jpg,5,Medium,5,Cool,5,5,5,4,5,5,Cool
MST-8/0524_0_0_0_05.jpg,5,Medium,5,Cool,5,5,5,4,5,5,Cool
MST-8/0524_0_0_0_06.jpg,5,Medium,5,Cool,5,5,5,4,5,5,Cool
MST-8/0524_0_0_0_07.jpg,5,Medium,5,Cool,5,5,5,4,5,5,Cool
MST-8/0524_0_0_0_08.jpg,5,Medium,5,Cool,5,5,5,5,5,5,Cool
MST-8/0548_2_0_0_01.jpg,5,Low,5,Cool,5,5,5,5,4,5,Cool
MST-8/0548_2_0_0_08.jpg,5,Medium,5,Cool,5,5,6,6,1,4,Cool
MST-8/0548_2_0_0_09.jpg,5,Low,5,Cool,6,5,5,6,2,5,Cool
MST-8/0548_2_0_0_10.jpg,5,Medium,5,Cool,5,5,5,6,2,5,Cool
MST-8/0548_2_0_0_11.jpg,5,Medium,5,Cool,5,5,5,6,2,5,Cool
MST-8/0548_2_0_0_12.jpg,5,Medium,5,Cool,5,5,5,5,2,5,Cool
MST-8/0548_2_0_0_13.jpg,5,Medium,5,Cool,5,5,5,4,1,5,Cool
MST-8/0548_3_0_0_04.jpg,5,Medium,5,Cool,5,5,5,6,6,5,Cool
MST-8/0548_3_0_0_17.jpg,5,Medium,5,Cool,5,5,5,5,4,5,Cool
MST-8/0548_3_0_0_18.jpg,5,Medium,5,Cool,5,5,5,5,2,5,Cool
MST-8/0548_3_0_0_19.jpg,5,Medium,5,Cool,5,5,5,5,2,5,Cool
MST-8/0548_3_0_0_20.jpg,5,Medium,5,Cool,5,5,5,5,5,5,Cool
MST-8/0548_4_0_0_02.jpg,5,Medium,5,Cool,5,5,5,4,4,4,Cool
MST-8/0548_4_0_0_03.jpg,5,Medium,5,Cool,5,5,5,4,1,5,Cool
MST-8/0548_4_0_0_15.jpg,5,Medium,5,Cool,5,5,5,4,2,4,Cool
MST-8/0548_4_0_0_16.jpg,5,Medium,5,Cool,5,3,4,4,3,4,Cool
MST-8/0548_5_0_0_05.jpg,5,Medium,5,Cool,5,6,5,6,6,5,Cool
MST-8/0548_5_0_0_06.jpg,5,Medium,5,Cool,6,6,6,6,6,5,Cool
MST-8/0548_5_0_0_07.jpg,5,Medium,5,Cool,4,5,5,4,5,5,Cool
MST-8/0548_5_0_0_19.jpg,5,Low,5,Cool,5,5,4,4,5,4,Cool
MST-8/0548_5_0_0_20.jpg,5,Low,5,Cool,5,5,5,5,5,5,Cool
MST-8/0548_5_0_0_21.jpg,5,Medium,5,Cool,5,5,5,5,6,5,Cool
MST-8/0548_5_0_0_22.jpg,5,Low,5,Cool,4,5,4,4,4,5,Cool
MST-8/0548_5_0_0_23.jpg,5,Low,5,Cool,5,5,5,4,4,5,Cool
MST-8/0548_5_0_0_24.jpg,5,Low,5,Cool,4,5,5,4,5,5,Cool
MST-8/0548_5_0_0_25.jpg,5,Low,5,Cool,5,5,5,4,5,5,Cool
MST-8/0548_5_0_0_26.jpg,5,Low,5,Neutral,4,5,5,4,4,5,Cool
MST-8/0548_5_0_0_27.jpg,5,Low,5,Cool,5,5,4,4,4,5,Cool
MST-8/0548_6_0_0_01.jpg,5,Medium,5,Cool,5,5,5,4,4,5,Cool
MST-8/0548_6_0_0_14.jpg,5,Medium,5,Cool,5,5,5,4,4,5,Cool
MST-8/0552_1_0_0_05.jpg,5,Medium,5,Cool,4,4,5,4,5,5,Cool
MST-8/0552_1_0_0_06.jpg,5,Medium,5,Cool,5,4,5,5,6,5,Cool
MST-8/0552_1_0_0_11.jpg,5,Medium,5,Cool,5,4,5,5,4,5,Cool
MST-8/0552_1_0_0_12.jpg,5,Medium,5,Cool,4,4,5,5,5,5,Cool
MST-8/0552_2_0_0_01.jpg,5,Low,5,Cool,5,4,5,5,5,5,Cool
MST-8/0552_2_0_0_08.jpg,5,Low,5,Cool,5,5,5,5,5,5,Cool
MST-8/0552_2_0_0_09.jpg,5,Medium,4,Cool,5,4,5,5,1,5,Cool
MST-8/0552_3_0_0_06.jpg,5,Low,5,Cool,4,5,4,4,4,5,Cool
MST-8/0552_3_0_0_07.jpg,5,Medium,4,Cool,5,5,4,5,4,4,Cool
MST-8/0552_3_0_0_12.jpg,5,Medium,4,Cool,5,5,4,5,4,5,Cool
MST-8/0552_3_0_0_13.jpg,5,Low,5,Cool,5,5,4,5,4,5,Cool
MST-8/0552_4_0_0_04.jpg,5,Low,4,Cool,4,4,5,4,5,4,Cool
MST-8/0552_4_0_0_05.jpg,5,Medium,5,Cool,4,4,5,5,3,5,Cool
MST-8/0552_4_0_0_11.jpg,5,Low,4,Cool,4,4,5,4,5,4,Cool
MST-8/0552_5_0_0_07.jpg,5,Low,4,Cool,4,4,4,4,4,4,Cool
MST-8/0552_5_0_0_13.jpg,5,Medium,4,Cool,4,4,6,5,4,3,Cool
MST-8/0552_5_0_0_14.jpg,5,Low,5,Cool,5,5,5,4,4,4,Cool
MST-8/0552_6_0_0_02.jpg,5,Medium,4,Cool,4,4,5,5,4,5,Cool
MST-8/0552_6_0_0_03.jpg,5,Low,5,Cool,4,4,5,5,4,5,Cool
MST-8/0552_6_0_0_10.jpg,5,Low,5,Cool,5,4,5,5,4,5,Cool
MST-8/0552_7_0_0_01.jpg,5,Medium,4,Cool,5,4,5,5,3,5,Cool
MST-8/0552_7_0_0_02.jpg,5,Low,5,Cool,5,5,5,5,4,5,Cool
MST-8/0552_7_0_0_09.jpg,5,Low,5,Cool,5,4,5,5,4,5,Cool
MST-8/0552_7_0_0_10.jpg,5,Medium,5,Cool,4,4,5,5,6,3,Cool
MST-8/0559_1_0_0_06.jpg,5,Medium,5,Cool,4,5,4,4,4,5,Cool
MST-8/0559_1_0_0_11.jpg,5,Medium,5,Cool,5,5,4,6,4,5,Cool
MST-8/0559_1_0_0_12.jpg,5,Medium,5,Cool,4,5,4,4,4,5,Cool
MST-8/0559_2_0_0_06.jpg,5,Medium,5,Cool,5,5,5,6,4,5,Cool
MST-8/0559_3_0_0_04.jpg,5,Medium,5,Cool,5,5,3,6,4,5,Cool
MST-8/0559_3_0_0_07.jpg,5,Medium,5,Cool,5,5,4,5,4,5,Cool
MST-8/0559_3_0_0_13.jpg,5,Medium,5,Cool,4,5,4,5,4,5,Cool
MST-8/0559_4_0_0_03.jpg,5,Medium,5,Cool,5,6,3,6,5,5,Cool
MST-8/0559_4_0_0_10.jpg,5,Medium,5,Cool,5,5,4,6,4,5,Cool
MST-8/0559_5_0_0_05.jpg,5,Medium,5,Cool,5,5,3,6,3,5,Cool
MST-8/0559_5_0_0_08.jpg,5,Medium,5,Cool,4,5,4,4,4,5,Cool
MST-8/0559_5_0_0_14.jpg,5,Medium,5,Cool,4,5,5,4,5,5,Cool
MST-8/0559_6_0_0_02.jpg,5,Medium,5,Cool,5,5,4,6,4,5,Cool
MST-8/0559_6_0_0_09.jpg,5,Medium,5,Cool,5,5,3,6,4,5,Cool
MST-8/0559_7_0_0_07.jpg,5,Medium,5,Cool,5,5,3,5,4,5,Cool
MST-8/0559_7_0_0_08.jpg,5,Medium,5,Cool,5,5,4,5,2,5,Cool
MST-8/0564_0_0_0_01.jpg,5,Low,5,Neutral,5,5,5,5,5,5,Cool
MST-8/0564_0_0_0_02.jpg,5,Medium,5,Cool,5,5,5,6,6,5,Cool
MST-8/0564_0_0_0_03.jpg,5,High,5,Cool,4,4,4,4,4,3,Cool
MST-8/0564_0_0_0_04.jpg,5,High,5,Cool,5,6,4,4,4,5,Cool
MST-8/0564_0_0_0_05.jpg,5,High,3,Cool,3,4,3,5,4,4,Cool
MST-8/0656_0_0_0_01.jpg,5,Low,5,Warm,4,5,4,4,5,4,Cool
MST-8/0656_0_0_0_02.jpg,5,Low,4,Cool,5,5,4,5,4,4,Cool
MST-8/0656_0_0_0_03.jpg,5,Medium,5,Cool,5,5,4,5,2,4,Cool
MST-8/0656_0_0_0_04.jpg,5,Low,5,Cool,5,5,3,5,2,4,Cool
MST-8/0656_0_0_0_05.jpg,5,Low,5,Cool,5,5,4,5,2,4,Cool
MST-8/0656_0_2_0_02.jpg,5,High,4,Cool,3,4,3,4,3,4,Warm
MST-8/0656_0_2_0_03.jpg,5,High,4,Cool,3,4,3,4,3,4,Warm
MST-8/0656_0_2_0_04.jpg,5,High,4,Cool,3,6,3,4,3,4,Warm
MST-8/0656_0_2_0_05.jpg,5,High,4,Cool,3,6,3,4,3,4,Warm
MST-8/0657_0_0_0_01.jpg,5,Low,5,Neutral,4,5,5,5,5,5,Cool
MST-8/0657_0_0_0_02.jpg,5,Medium,5,Cool,5,5,5,5,6,5,Cool
MST-8/0657_0_0_0_03.jpg,5,Low,5,Neutral,5,5,5,4,5,5,Cool
MST-8/0657_0_0_0_04.jpg,5,Medium,5,Cool,5,5,4,5,6,5,Cool
MST-8/0657_0_0_0_05.jpg,5,Medium,5,Cool,5,5,5,5,6,6,Cool
MST-8/0657_0_0_0_06.jpg,5,Medium,5,Cool,5,5,4,5,6,5,Cool
MST-8/0657_0_0_0_07.jpg,5,Medium,5,Cool,5,5,5,4,5,6,Cool
MST-8/0657_0_0_0_08.jpg,5,Medium,5,Cool,5,5,5,5,6,5,Cool
MST-8/0657_0_0_0_09.jpg,5,Medium,5,Cool,5,5,5,5,6,5,Cool
MST-8/0657_0_0_0_10.jpg,5,Medium,5,Cool,5,5,6,5,6,5,Cool
MST-8/0657_0_2_0_08.jpg,5,High,5,Cool,5,4,4,4,3,5,Cool
MST-8/0658_0_0_0_01.jpg,5,Low,5,Warm,5,5,5,5,5,5,Cool
MST-8/0658_0_0_0_02.jpg,5,Low,5,Warm,5,5,5,5,5,5,Cool
MST-8/0658_0_0_0_03.jpg,5,Low,5,Warm,5,5,5,5,5,5,Cool
MST-8/0658_0_0_0_04.jpg,5,Low,5,Warm,5,5,5,5,5,5,Cool
MST-8/0658_0_0_0_05.jpg,5,Low,5,Neutral,5,5,5,5,5,5,Cool
MST-8/0675_0_0_0_01.jpg,5,Medium,5,Neutral,4,4,4,4,4,4,Cool
MST-8/0675_0_0_0_02.jpg,5,Medium,4,Neutral,4,4,4,4,4,4,Cool
MST-8/0675_0_0_0_03.jpg,5,Medium,5,Neutral,4,4,4,4,4,5,Cool
MST-8/0675_0_0_0_04.jpg,5,Medium,4,Neutral,4,4,4,4,4,4,Cool
MST-8/0675_0_0_0_05.jpg,5,Medium,4,Neutral,4,4,4,4,4,4,Cool
MST-8/0685_0_0_0_01.jpg,5,Medium,5,Cool,5,5,5,5,4,4,Cool
MST-8/0685_0_0_0_02.jpg,5,Medium,5,Cool,5,5,5,5,1,4,Cool
MST-8/0685_0_0_0_03.jpg,5,Medium,5,Cool,5,5,5,5,6,4,Cool
MST-8/0685_0_0_0_04.jpg,5,Medium,5,Cool,5,5,5,5,6,4,Cool
MST-8/0685_0_0_0_05.jpg,5,Medium,5,Cool,5,5,5,5,6,4,Cool
MST-8/0691_0_0_0_01.jpg,5,Low,5,Neutral,4,5,4,4,4,5,Cool
MST-8/0691_0_0_0_02.jpg,5,Low,5,Warm,4,5,5,4,4,5,Cool
MST-8/0691_0_0_0_03.jpg,5,Low,5,Neutral,4,4,4,4,4,3,Cool
MST-8/0691_0_0_0_04.jpg,5,Low,5,Warm,4,4,5,4,4,5,Cool
MST-8/0691_0_0_0_05.jpg,5,Low,5,Neutral,4,5,5,4,4,5,Cool
MST-8/0692_1_0_0_05.jpg,5,Low,5,Cool,5,4,4,4,5,5,Cool
MST-8/0692_1_0_0_14.jpg,5,Medium,4,Cool,4,4,4,4,6,3,Cool
MST-8/0692_1_0_0_15.jpg,5,Medium,4,Cool,4,4,4,4,4,3,Cool
MST-8/0692_1_0_0_16.jpg,5,Medium,4,Cool,4,4,4,4,4,3,Cool
MST-8/0692_1_0_0_17.jpg,5,Low,5,Cool,4,4,4,4,5,5,Cool
MST-8/0692_2_0_0_03.jpg,5,Medium,4,Cool,3,4,4,6,4,3,Cool
MST-8/0692_2_0_0_04.jpg,5,Medium,4,Cool,3,4,4,4,6,3,Cool
MST-8/0692_2_0_0_05.jpg,5,Medium,4,Cool,3,4,4,4,4,3,Cool
MST-8/0692_2_0_0_08.jpg,5,Low,5,Cool,3,4,5,4,5,5,Cool
MST-8/0692_3_0_0_06.jpg,5,Medium,5,Cool,5,4,5,4,4,5,Cool
MST-8/0692_3_0_0_17.jpg,5,Medium,4,Cool,4,4,4,4,4,3,Cool
MST-8/0692_3_0_0_18.jpg,5,Medium,5,Cool,5,4,5,4,4,5,Cool
MST-8/0692_3_0_0_19.jpg,5,Medium,5,Cool,5,4,5,4,4,5,Cool
MST-8/0692_4_0_0_04.jpg,5,Low,5,Cool,3,4,4,4,4,5,Cool
MST-8/0692_4_0_0_11.jpg,5,Medium,4,Cool,3,4,4,4,4,3,Cool
MST-8/0692_4_0_0_12.jpg,5,Medium,4,Cool,3,4,4,6,4,3,Cool
MST-8/0692_4_0_0_13.jpg,5,Medium,4,Cool,3,4,4,6,4,3,Cool
MST-8/0692_4_0_0_14.jpg,5,Medium,4,Cool,4,4,4,4,4,5,Cool
MST-8/0692_4_0_0_15.jpg,5,Low,5,Cool,3,4,5,4,4,5,Cool
MST-8/0692_5_0_0_02.jpg,5,Medium,4,Cool,4,4,4,4,4,3,Cool
MST-8/0692_5_0_0_07.jpg,5,Low,5,Cool,4,4,5,4,4,5,Cool
MST-8/0692_5_0_0_20.jpg,5,Medium,5,Cool,5,4,5,4,4,5,Cool
MST-8/0692_5_0_0_21.jpg,5,Low,5,Cool,3,4,5,5,4,5,Cool
MST-8/0692_6_0_0_01.jpg,5,Medium,4,Cool,4,4,4,4,6,3,Cool
MST-8/0692_6_0_0_09.jpg,5,Medium,4,Cool,4,4,4,5,4,3,Cool
MST-8/0692_6_0_0_10.jpg,5,Medium,4,Cool,3,4,4,4,4,3,Cool
MST-8/0692_7_0_0_06.jpg,5,Medium,3,Cool,3,4,4,4,4,3,Cool
MST-8/0692_7_0_0_07.jpg,5,Medium,4,Cool,3,4,4,4,6,3,Cool
MST-8/0692_7_0_0_08.jpg,5,Medium,4,Cool,3,4,4,4,3,3,Cool
MST-8/0692_7_0_0_10.jpg,5,Medium,5,Cool,4,4,5,4,4,5,Cool
MST-8/0692_7_0_0_11.jpg,5,Medium,5,Cool,3,4,5,4,4,5,Cool
MST-8/0737_0_0_0_01.jpg,5,Medium,5,Cool,4,5,6,6,4,4,Cool
MST-8/0737_0_0_0_02.jpg,5,Medium,5,Cool,4,4,4,4,4,5,Cool
MST-8/0737_0_0_0_03.jpg,5,Medium,4,Cool,4,5,5,4,6,4,Cool
MST-8/0737_0_0_0_04.jpg,5,Medium,4,Cool,4,5,4,6,6,4,Cool
MST-8/0737_0_0_0_05.jpg,5,Medium,4,Cool,4,4,5,4,4,4,Cool
MST-8/0737_0_0_0_06.jpg,5,Medium,4,Cool,4,4,6,4,6,4,Cool
MST-8/0737_0_0_0_08.jpg,5,Medium,5,Cool,4,6,4,5,6,5,Cool
MST-8/0737_0_0_0_09.jpg,5,Medium,5,Cool,4,6,4,5,6,4,Cool
MST-8/0737_0_0_0_10.jpg,5,Medium,5,Cool,4,6,4,5,6,5,Cool
MST-8/0811_0_0_0_01.jpg,5,Medium,5,Cool,4,4,4,4,4,4,Cool
MST-8/0811_0_0_0_02.jpg,5,Low,5,Cool,5,3,4,5,4,4,Cool
MST-8/0811_0_0_0_03.jpg,5,Low,5,Cool,5,4,6,4,4,5,Cool
MST-8/0811_0_0_0_04.jpg,5,Medium,5,Cool,4,4,6,4,4,5,Cool
MST-8/0811_0_0_0_05.jpg,5,Medium,5,Cool,4,4,6,4,4,4,Cool
MST-8/0910_0_0_0_01.jpg,5,High,4,Cool,6,4,4,4,6,4,Cool
MST-8/0910_0_0_0_03.jpg,5,Medium,5,Cool,6,5,6,5,6,4,Cool
MST-8/0910_0_0_0_04.jpg,5,Low,5,Cool,6,5,5,5,6,4,Cool
MST-8/0910_0_0_0_05.jpg,5,High,4,Cool,6,6,5,5,5,4,Cool
MST-8/0910_0_0_0_06.jpg,5,Medium,5,Cool,6,4,5,4,6,6,Cool
MST-8/0910_0_0_0_07.jpg,5,Medium,5,Cool,4,4,5,4,6,6,Cool
MST-8/0910_0_0_0_09.jpg,5,Medium,6,Cool,6,5,6,4,6,6,Cool
MST-8/0910_0_0_0_10.jpg,5,Medium,5,Cool,6,4,6,5,6,4,Cool
MST-8/0910_0_0_0_11.jpg,5,Medium,5,Cool,6,4,6,5,6,5,Cool
MST-8/0910_0_0_0_12.jpg,5,Medium,5,Cool,6,4,6,4,6,4,Cool
MST-8/0910_0_0_0_13.jpg,5,Medium,5,Cool,6,4,6,4,6,4,Cool
MST-8/0910_0_0_0_14.jpg,5,Medium,5,Cool,6,4,6,4,6,4,Cool
MST-8/0910_0_0_0_15.jpg,5,Medium,5,Cool,6,4,5,5,6,5,Cool
MST-8/0910_0_0_0_16.jpg,5,Medium,5,Cool,6,4,6,5,6,5,Cool
MST-8/0910_0_2_0_04.jpg,5,High,5,Cool,6,4,4,4,6,5,Cool
MST-8/0910_0_2_0_10.jpg,5,High,5,Cool,6,6,4,6,6,6,Cool
MST-8/0910_0_2_0_11.jpg,5,High,5,Cool,6,5,4,6,6,6,Cool
MST-8/0910_0_2_0_12.jpg,5,High,5,Cool,6,4,4,5,4,6,Cool
MST-8/0910_0_2_0_13.jpg,5,High,5,Cool,6,4,4,6,6,6,Cool
MST-8/0910_0_2_0_14.jpg,5,High,5,Cool,6,4,5,4,4,6,Cool
MST-8/0910_0_2_0_15.jpg,5,High,5,Cool,6,4,4,6,3,6,Cool
MST-8/0910_0_2_0_16.jpg,5,High,5,Cool,6,4,4,6,4,6,Cool
MST-8/0944_0_0_0_01.jpg,5,Low,5,Cool,6,5,6,6,6,6,Cool
MST-8/0944_0_0_0_02.jpg,5,Low,4,Warm,3,3,4,4,4,4,Cool
MST-8/0944_0_0_0_03.jpg,5,Low,5,Cool,6,5,5,6,6,5,Cool
MST-8/0944_0_0_0_04.jpg,5,Low,5,Cool,4,5,5,5,5,4,Cool
MST-8/0944_0_0_0_05.jpg,5,Low,5,Cool,6,5,5,6,6,6,Cool
MST-8/0944_0_0_0_06.jpg,5,Low,5,Cool,6,5,6,6,6,5,Cool
MST-8/0944_0_0_0_07.jpg,5,Low,5,Cool,6,5,6,5,6,5,Cool
MST-8/0944_0_0_0_08.jpg,5,Low,5,Cool,6,5,5,6,6,4,Cool
MST-8/0944_0_0_0_09.jpg,5,Low,5,Cool,6,5,6,6,6,5,Cool
MST-8/0944_0_0_0_10.jpg,5,Low,5,Cool,4,5,5,5,5,4,Cool
MST-8/0944_0_0_0_11.jpg,5,Low,5,Cool,4,5,5,5,5,4,Cool
MST-8/0944_0_0_0_12.jpg,5,Low,5,Cool,4,5,5,5,5,4,Cool
MST-8/0944_0_0_0_13.jpg,5,Low,5,Cool,4,5,5,5,5,5,Cool
MST-8/0944_0_0_0_14.jpg,5,Low,5,Cool,4,5,5,5,5,4,Cool
MST-8/0944_0_0_0_15.jpg,5,Low,5,Cool,4,5,5,4,5,4,Cool
MST-8/0944_0_0_0_16.jpg,5,Low,5,Cool,4,5,5,5,5,4,Cool
MST-8/0954_0_0_0_01.jpg,5,Medium,5,Cool,4,4,6,4,5,5,Cool
MST-8/0954_0_0_0_02.jpg,5,Low,5,Cool,4,5,6,5,5,5,Cool
MST-8/0954_0_0_0_03.jpg,5,High,5,Cool,5,6,6,5,4,5,Warm
MST-8/0954_0_0_0_04.jpg,5,High,5,Cool,6,6,6,4,4,5,Warm
MST-8/0954_0_0_0_05.jpg,5,Medium,5,Cool,4,6,6,4,4,5,Cool
MST-8/0954_0_0_0_06.jpg,5,High,5,Cool,6,6,6,6,4,5,Warm
MST-8/0954_0_0_0_07.jpg,5,High,5,Cool,4,6,6,4,4,5,Warm
MST-8/0954_0_0_0_08.jpg,5,High,5,Cool,4,6,6,4,4,4,Cool
MST-8/0954_0_0_0_09.jpg,5,High,5,Cool,6,6,6,4,4,5,Warm
MST-8/0954_0_0_0_10.jpg,5,Low,5,Cool,4,5,6,5,5,5,Cool
MST-8/0954_0_0_0_11.jpg,5,Low,5,Cool,4,5,6,5,5,5,Cool
MST-8/0954_0_0_0_12.jpg,5,Low,5,Cool,4,6,6,5,5,5,Cool
MST-8/0954_0_0_0_13.jpg,5,Low,5,Cool,4,6,6,5,5,5,Cool
MST-8/0954_0_0_0_14.jpg,5,Low,5,Cool,4,6,5,5,5,5,Cool
MST-8/0954_0_0_0_15.jpg,5,Medium,5,Cool,4,6,5,4,5,5,Cool
MST-8/0954_0_0_0_16.jpg,5,Medium,5,Cool,4,6,4,4,4,5,Cool
MST-8/0954_0_0_0_17.jpg,5,Medium,5,Cool,4,6,4,4,4,5,Cool
MST-8/0954_0_0_0_18.jpg,5,Medium,5,Cool,4,6,4,6,5,5,Cool
MST-8/0954_0_0_0_19.jpg,5,Medium,5,Cool,4,6,6,6,4,5,Cool
MST-8/1033_0_0_0_01.jpg,5,Low,5,Cool,5,4,5,5,4,5,Cool
MST-8/1033_0_0_0_02.jpg,5,Low,5,Cool,5,5,5,5,5,5,Cool
MST-8/1033_0_0_0_03.jpg,5,Low,5,Cool,5,5,5,5,5,5,Cool
MST-8/1033_0_0_0_04.jpg,5,Low,5,Cool,5,5,5,5,4,5,Cool
MST-8/1033_0_0_0_05.jpg,5,Low,5,Cool,5,5,5,5,5,5,Cool
MST-8/1033_0_0_0_06.jpg,5,Low,5,Cool,5,5,5,5,4,5,Cool
MST-8/1033_0_0_0_07.jpg,5,Low,5,Cool,5,5,5,5,5,5,Cool
MST-8/1033_0_0_0_08.jpg,5,Low,5,Cool,5,5,5,5,5,5,Cool
MST-8/1033_0_0_0_09.jpg,5,Low,5,Cool,5,5,5,5,5,5,Cool
MST-8/1033_0_0_0_10.jpg,5,Low,5,Cool,5,5,5,5,5,5,Cool
MST-8/1063_0_0_0_01.jpg,5,Medium,5,Cool,6,6,5,5,4,4,Cool
MST-8/1063_0_0_0_02.jpg,5,Medium,5,Cool,6,6,4,5,4,5,Cool
MST-8/1063_0_0_0_03.jpg,5,Medium,5,Cool,6,6,5,4,4,5,Cool
MST-8/1063_0_0_0_04.jpg,5,Medium,5,Cool,6,6,5,5,4,4,Cool
MST-8/1063_0_0_0_05.jpg,5,Medium,5,Cool,4,6,4,6,4,5,Cool
MST-8/1063_0_0_0_06.jpg,5,Medium,5,Cool,4,6,5,4,4,5,Cool
MST-8/1063_0_0_0_07.jpg,5,Medium,5,Cool,6,4,4,4,4,5,Cool
MST-8/1063_0_0_0_08.jpg,5,Medium,5,Cool,6,6,5,5,4,4,Cool
MST-8/1063_0_0_0_09.jpg,5,Medium,5,Cool,6,6,5,4,4,5,Cool
MST-8/1063_0_0_0_10.jpg,5,Medium,5,Cool,6,6,4,6,4,5,Cool
MST-8/1065_0_0_0_01.jpg,5,Low,5,Neutral,4,3,4,4,4,5,Cool
MST-8/1065_0_0_0_02.jpg,5,Low,5,Neutral,4,4,4,4,4,5,Cool
MST-8/1065_0_0_0_03.jpg,5,Low,5,Neutral,4,4,5,4,5,5,Cool
MST-8/1065_0_0_0_04.jpg,5,Low,5,Neutral,5,4,5,4,4,5,Cool
MST-8/1065_0_0_0_05.jpg,5,Low,5,Cool,5,4,5,4,4,5,Cool
MST-8/1065_0_0_0_06.jpg,5,Low,5,Cool,5,4,5,4,5,5,Cool
MST-8/1065_0_0_0_07.jpg,5,Low,5,Neutral,5,4,4,4,4,5,Cool
MST-8/1065_0_0_0_08.jpg,5,Low,5,Neutral,4,4,4,4,4,5,Cool
MST-8/1065_0_0_0_09.jpg,5,Low,5,Neutral,4,4,4,4,4,5,Cool
MST-8/1065_0_0_0_10.jpg,5,Low,5,Neutral,4,4,4,4,4,5,Cool
MST-8/1065_0_0_0_11.jpg,5,Low,5,Neutral,4,4,5,4,4,5,Cool
MST-8/1065_0_0_0_12.jpg,5,Low,5,Neutral,4,4,4,4,4,5,Cool
MST-8/1065_0_0_0_13.jpg,5,Low,5,Neutral,4,4,4,5,4,5,Cool
MST-8/1065_0_0_0_14.jpg,5,Low,5,Neutral,4,4,4,4,4,5,Cool
MST-8/1065_0_0_0_15.jpg,5,Medium,5,Cool,6,4,4,5,6,6,Cool
MST-8/1065_0_0_0_16.jpg,5,Medium,5,Cool,6,4,4,5,6,5,Cool
MST-8/1075_0_0_0_01.jpg,5,Low,5,Neutral,5,4,4,5,4,4,Cool
MST-8/1075_0_0_0_02.jpg,5,Low,5,Neutral,4,4,4,4,4,4,Cool
MST-8/1075_0_0_0_03.jpg,5,Low,5,Neutral,5,5,4,4,4,4,Cool
MST-8/1075_0_0_0_04.jpg,5,Low,5,Neutral,5,5,4,4,4,5,Cool
MST-8/1075_0_0_0_05.jpg,5,Low,5,Neutral,5,4,4,4,4,5,Cool
MST-8/1075_0_0_0_06.jpg,5,Low,5,Neutral,5,4,4,4,4,4,Cool
MST-8/1075_0_0_0_07.jpg,5,Low,5,Neutral,5,4,4,4,3,4,Cool
MST-8/1075_0_0_0_08.jpg,5,Low,5,Neutral,5,4,4,5,4,4,Cool
MST-8/1075_0_0_0_09.jpg,5,Low,5,Neutral,5,4,4,5,4,4,Cool
MST-8/1075_0_0_0_10.jpg,5,Low,5,Neutral,5,4,4,4,4,4,Cool
MST-8/1088_0_0_0_01.jpg,5,Low,5,Cool,4,5,5,5,5,4,Cool
MST-8/1088_0_0_0_02.jpg,5,Low,4,Cool,4,5,5,5,5,4,Cool
MST-8/1088_0_0_0_03.jpg,5,Low,4,Cool,5,5,5,4,4,4,Cool
MST-8/1088_0_0_0_04.jpg,5,Low,5,Cool,5,5,4,5,5,4,Cool
MST-8/1088_0_0_0_05.jpg,5,Medium,5,Cool,5,6,4,6,6,5,Cool
MST-8/1088_0_0_0_06.jpg,5,Low,4,Cool,5,5,5,5,5,4,Cool
MST-8/1088_0_0_0_07.jpg,5,Low,5,Cool,4,5,4,5,6,4,Cool
MST-8/1088_0_0_0_08.jpg,5,Low,5,Cool,5,5,4,5,6,5,Cool
MST-8/1088_0_0_0_09.jpg,5,Low,4,Cool,4,5,5,5,5,4,Cool
MST-8/1088_0_0_0_10.jpg,5,Low,5,Cool,5,5,5,5,4,4,Cool
MST-8/1101_0_0_0_01.jpg,5,Low,5,Cool,6,5,5,5,6,5,Cool
MST-8/1101_0_0_0_02.jpg,5,High,5,Cool,6,6,4,6,6,4,Cool
MST-8/1101_0_0_0_03.jpg,5,High,5,Cool,6,6,4,6,4,4,Cool
MST-8/1101_0_0_0_04.jpg,5,Low,5,Cool,6,5,5,6,5,5,Cool
MST-8/1101_0_0_0_05.jpg,5,Low,5,Cool,6,6,5,6,5,5,Cool
MST-8/1101_0_0_0_06.jpg,5,Low,5,Cool,6,6,5,6,5,5,Cool
MST-8/1101_0_0_0_07.jpg,5,Low,5,Cool,5,5,5,6,5,5,Cool
MST-8/1101_0_0_0_08.jpg,5,Low,5,Cool,6,5,5,6,6,5,Cool
MST-8/1101_0_0_0_09.jpg,5,Low,5,Cool,5,5,5,6,5,5,Cool
MST-8/1101_0_0_0_10.jpg,5,High,5,Cool,6,4,5,6,6,4,Cool
MST-9/0017_0_0_0_01.jpg,5,Low,5,Cool,6,5,6,4,6,5,Cool
MST-9/0017_0_0_0_02.jpg,5,Low,5,Cool,6,5,6,4,2,5,Cool
MST-9/0027_0_0_0_01.jpg,5,Low,5,Cool,4,4,3,5,1,4,Cool
MST-9/0027_0_0_0_02.jpg,5,Low,5,Cool,4,4,4,5,1,4,Cool
MST-9/0053_0_0_0_01.jpg,5,Medium,5,Cool,4,4,5,4,2,5,Cool
MST-9/0053_0_0_0_02.jpg,5,Low,5,Cool,5,5,5,4,2,4,Cool
MST-9/0053_0_0_0_03.jpg,5,Medium,5,Cool,4,4,5,4,4,4,Cool
MST-9/0053_0_0_0_04.jpg,5,Low,5,Cool,5,4,5,4,4,4,Cool
MST-9/0053_0_0_0_05.jpg,5,Medium,4,Cool,5,4,4,4,4,4,Cool
MST-9/0053_0_0_0_06.jpg,5,Medium,5,Cool,4,4,4,4,3,4,Cool
MST-9/0053_0_0_0_07.jpg,5,Medium,5,Cool,4,4,4,4,2,4,Cool
MST-9/0053_0_0_0_08.jpg,5,Low,5,Cool,5,4,5,4,4,4,Cool
MST-9/0235_0_0_0_04.jpg,5,Low,5,Cool,5,6,6,6,6,5,Cool
MST-9/0235_0_0_0_05.jpg,5,Low,5,Cool,6,5,6,5,3,5,Cool
MST-9/0235_0_0_0_06.jpg,5,Low,5,Cool,5,6,6,5,2,5,Cool
MST-9/0235_0_0_0_07.jpg,5,Low,5,Cool,5,6,6,6,5,5,Cool
MST-9/0256_0_0_0_01.jpg,5,Low,5,Cool,6,5,5,6,6,5,Cool
MST-9/0256_0_0_0_02.jpg,5,Medium,5,Cool,5,5,6,6,6,5,Cool
MST-9/0256_0_0_0_03.jpg,5,Low,5,Cool,6,6,6,6,6,5,Cool
MST-9/0256_0_0_0_04.jpg,5,Low,5,Cool,6,4,5,6,6,5,Cool
MST-9/0256_0_0_0_05.jpg,5,Low,5,Cool,6,6,6,6,6,5,Cool
MST-9/0256_0_0_0_06.jpg,5,Low,5,Cool,6,6,6,6,6,5,Cool
MST-9/0256_0_0_0_07.jpg,5,Low,5,Cool,6,6,6,6,6,5,Cool
MST-9/0256_0_0_0_08.jpg,5,Low,5,Cool,6,5,6,6,6,5,Cool
MST-9/0311_0_0_0_01.jpg,5,Low,5,Cool,4,5,6,5,5,5,Cool
MST-9/0311_0_0_0_02.jpg,5,High,5,Cool,4,4,5,5,3,5,Cool
MST-9/0311_0_0_0_03.jpg,5,Low,5,Cool,4,5,5,4,5,4,Cool
MST-9/0311_0_0_0_04.jpg,5,Medium,5,Cool,4,5,6,6,6,5,Cool
MST-9/0311_0_0_0_05.jpg,5,Medium,5,Cool,5,4,6,6,6,5,Cool
MST-9/0311_0_0_0_06.jpg,5,Medium,5,Cool,5,5,6,6,6,5,Cool
MST-9/0311_0_0_0_07.jpg,5,Medium,5,Cool,5,5,6,6,6,5,Cool
MST-9/0311_0_0_0_08.jpg,5,Medium,5,Cool,4,4,6,6,5,5,Cool
MST-9/0311_0_0_0_09.jpg,5,Medium,5,Cool,5,5,6,6,6,4,Cool
MST-9/0311_0_0_0_10.jpg,5,Medium,5,Cool,4,4,6,6,5,4,Cool
MST-9/0311_0_0_0_11.jpg,5,Medium,5,Cool,4,4,6,6,4,4,Cool
MST-9/0311_0_0_0_12.jpg,5,Low,5,Cool,5,5,5,4,5,5,Cool
MST-9/0311_0_0_0_13.jpg,5,Low,5,Cool,4,5,5,4,5,5,Cool
MST-9/0311_0_0_0_14.jpg,5,High,5,Cool,4,4,5,5,4,5,Cool
MST-9/0311_0_0_0_15.jpg,5,Low,5,Cool,5,5,5,4,5,5,Cool
MST-9/0311_0_0_0_16.jpg,5,Low,5,Cool,5,5,5,5,5,5,Cool
MST-9/0320_0_0_0_02.jpg,5,Medium,5,Cool,6,5,6,6,6,5,Cool
MST-9/0320_0_0_0_03.jpg,5,Medium,5,Cool,6,6,6,5,6,5,Cool
MST-9/0320_0_0_0_04.jpg,5,Medium,5,Cool,6,5,6,6,6,6,Cool
MST-9/0320_0_0_0_05.jpg,5,Medium,5,Cool,6,6,6,6,2,5,Cool
MST-9/0320_0_0_0_06.jpg,5,Medium,5,Cool,6,6,6,6,6,6,Cool
MST-9/0320_0_0_0_07.jpg,5,Medium,5,Cool,6,5,5,6,6,5,Cool
MST-9/0320_0_0_0_08.jpg,5,Medium,5,Cool,6,5,6,5,6,6,Cool
MST-9/0342_0_0_0_01.jpg,5,Low,5,Cool,5,6,5,4,6,5,Cool
MST-9/0342_0_0_0_02.jpg,5,Low,5,Cool,6,6,5,4,6,5,Cool
MST-9/0342_0_0_0_03.jpg,5,Low,5,Cool,5,6,5,5,6,5,Cool
MST-9/0342_0_0_0_04.jpg,5,Low,5,Cool,6,6,6,5,6,5,Cool
MST-9/0342_0_0_0_05.jpg,5,High,5,Cool,4,5,5,4,4,4,Cool
MST-9/0342_0_0_0_06.jpg,5,Low,5,Cool,5,6,6,6,6,5,Cool
MST-9/0342_0_0_0_07.jpg,5,Low,5,Cool,5,6,5,4,6,5,Cool
MST-9/0342_0_0_0_08.jpg,5,Low,5,Cool,5,6,5,5,6,5,Cool
MST-9/0342_0_0_0_09.jpg,5,Low,5,Cool,5,6,5,5,6,5,Cool
MST-9/0342_0_0_0_10.jpg,5,Low,5,Cool,6,6,6,5,6,5,Cool
MST-9/0342_0_0_0_11.jpg,5,High,5,Cool,4,5,5,5,4,5,Cool
MST-9/0342_0_0_0_12.jpg,5,Low,5,Cool,5,4,5,4,6,5,Cool
MST-9/0342_0_0_0_13.jpg,5,Low,5,Cool,5,4,1,4,6,5,Cool
MST-9/0342_0_0_0_14.jpg,5,Low,5,Cool,5,4,2,4,6,5,Cool
MST-9/0342_0_0_0_15.jpg,5,Low,5,Cool,5,4,5,4,6,5,Cool
MST-9/0342_0_0_0_16.jpg,5,Low,5,Cool,5,5,4,4,6,5,Cool
MST-9/0342_0_0_1_06.jpg,5,High,5,Cool,4,4,5,4,4,4,Cool
MST-9/0342_0_0_1_12.jpg,5,High,5,Cool,4,5,5,4,4,5,Cool
MST-9/0342_0_0_1_13.jpg,5,High,5,Cool,4,5,5,4,4,5,Cool
MST-9/0342_0_0_1_14.jpg,5,High,5,Cool,4,4,5,4,4,4,Cool
MST-9/0342_0_0_1_15.jpg,5,High,5,Cool,4,5,5,4,4,4,Cool
MST-9/0342_0_0_1_16.jpg,5,High,5,Cool,4,5,4,4,6,4,Cool
MST-9/0442_0_0_0_01.jpg,5,Low,5,Cool,5,5,6,6,5,5,Cool
MST-9/0442_0_0_0_02.jpg,5,Low,5,Cool,5,5,6,6,6,5,Cool
MST-9/0442_0_0_0_03.jpg,5,Low,5,Cool,5,6,6,6,6,5,Cool
MST-9/0442_0_0_0_04.jpg,5,Low,5,Cool,5,5,6,6,5,5,Cool
MST-9/0442_0_0_0_05.jpg,5,Low,5,Cool,6,5,6,6,6,5,Cool
MST-9/0442_0_0_0_06.jpg,5,Low,5,Cool,5,6,6,6,6,5,Cool
MST-9/0442_0_0_0_07.jpg,5,Low,5,Cool,6,6,6,5,6,5,Cool
MST-9/0442_0_0_0_08.jpg,5,Low,5,Cool,6,6,6,6,6,5,Cool
MST-9/0442_0_0_0_09.jpg,5,Low,5,Cool,6,6,6,6,6,5,Cool
MST-9/0442_0_0_0_10.jpg,5,Low,5,Cool,6,6,6,6,6,5,Cool
MST-9/0442_0_0_0_11.jpg,5,Low,5,Cool,5,5,6,6,6,5,Cool
MST-9/0442_0_0_0_12.jpg,5,Low,5,Cool,5,6,6,6,5,5,Cool
MST-9/0442_0_0_0_13.jpg,5,Medium,5,Cool,5,6,6,5,6,5,Cool
MST-9/0442_0_0_0_14.jpg,5,Medium,5,Cool,5,6,6,6,6,5,Cool
MST-9/0442_0_0_0_15.jpg,5,Low,5,Cool,5,5,6,6,6,5,Cool
MST-9/0442_0_0_0_16.jpg,5,Low,5,Cool,5,5,6,6,6,5,Cool
MST-9/0479_0_0_0_01.jpg,5,Low,5,Cool,5,5,5,4,5,5,Cool
MST-9/0479_0_0_0_02.jpg,5,Low,5,Cool,5,5,5,4,5,5,Cool
MST-9/0479_0_0_0_03.jpg,5,Low,5,Cool,4,4,5,4,5,5,Cool
MST-9/0479_0_0_0_04.jpg,5,Low,5,Cool,4,4,5,4,4,5,Cool
MST-9/0479_0_0_0_05.jpg,5,Low,5,Cool,4,4,5,4,4,5,Cool
MST-9/0479_0_0_0_06.jpg,5,Low,5,Cool,5,5,5,4,5,5,Cool
MST-9/0479_0_0_0_07.jpg,5,Low,5,Cool,5,5,5,4,6,5,Cool
MST-9/0479_0_0_0_08.jpg,5,Low,5,Cool,5,5,5,4,5,5,Cool
MST-9/0479_0_0_0_09.jpg,5,Low,5,Cool,4,5,5,4,5,5,Cool
MST-9/0479_0_0_0_10.jpg,5,Low,5,Cool,5,5,5,4,6,5,Cool
MST-9/0479_0_0_0_11.jpg,5,Low,5,Cool,4,5,5,4,6,5,Cool
MST-9/0479_0_0_0_12.jpg,5,Low,5,Cool,4,3,5,4,5,5,Cool
MST-9/0479_0_0_0_13.jpg,5,Low,5,Cool,4,4,4,4,5,5,Cool
MST-9/0479_0_0_0_14.jpg,5,Low,5,Cool,4,4,5,4,5,5,Cool
MST-9/0479_0_0_0_15.jpg,5,Low,5,Cool,4,4,5,4,5,5,Cool
MST-9/0479_0_0_0_16.jpg,5,Low,5,Cool,4,3,4,4,5,5,Cool
MST-9/0479_0_0_0_17.jpg,5,Low,5,Cool,4,3,5,4,5,5,Cool
MST-9/0479_0_0_0_18.jpg,5,Low,5,Cool,4,3,4,4,5,5,Cool
MST-9/0479_0_0_0_19.jpg,5,Low,5,Cool,4,3,4,4,5,5,Cool
MST-9/0484_0_0_0_01.jpg,5,Medium,5,Cool,4,5,4,6,6,5,Cool
MST-9/0484_0_0_0_02.jpg,5,Medium,5,Cool,5,5,5,6,6,4,Cool
MST-9/0484_0_0_0_03.jpg,5,Medium,5,Cool,4,5,4,6,6,5,Cool
MST-9/0484_0_0_0_04.jpg,5,Medium,5,Cool,4,5,4,6,6,4,Cool
MST-9/0484_0_0_0_05.jpg,5,Medium,5,Cool,4,5,4,5,6,4,Cool
MST-9/0484_0_0_0_06.jpg,5,Medium,5,Cool,4,5,4,5,6,4,Cool
MST-9/0484_0_0_0_07.jpg,5,Medium,5,Cool,4,5,4,5,6,4,Cool
MST-9/0484_0_0_0_08.jpg,5,Medium,5,Cool,4,5,5,5,6,4,Cool
MST-9/0513_0_0_0_01.jpg,5,Medium,5,Cool,5,4,5,5,5,5,Cool
MST-9/0513_0_0_0_02.jpg,5,Medium,5,Cool,5,5,5,5,5,5,Cool
MST-9/0513_0_0_0_03.jpg,5,Low,5,Cool,5,5,5,5,5,5,Cool
MST-9/0513_0_0_0_04.jpg,5,Low,5,Cool,5,5,5,5,5,5,Cool
MST-9/0513_0_0_0_05.jpg,5,Low,5,Cool,5,5,5,5,5,5,Cool
MST-9/0513_0_0_0_06.jpg,5,Low,5,Cool,5,5,5,5,5,5,Cool
MST-9/0513_0_0_0_07.jpg,5,Low,5,Cool,5,5,6,5,5,5,Cool
MST-9/0513_0_0_0_08.jpg,5,Low,5,Cool,5,5,5,5,5,5,Cool
MST-9/0513_0_0_0_09.jpg,5,Low,5,Cool,5,5,5,5,5,5,Cool
MST-9/0513_0_0_0_10.jpg,5,Low,5,Cool,5,5,5,5,5,5,Cool
MST-9/0514_0_0_0_01.jpg,5,Low,5,Cool,5,5,5,6,5,5,Cool
MST-9/0514_0_0_0_02.jpg,5,High,5,Cool,3,4,4,4,4,5,Cool
MST-9/0514_0_0_0_03.jpg,5,Medium,5,Cool,4,5,5,5,5,5,Cool
MST-9/0514_0_0_0_04.jpg,5,Low,5,Cool,5,5,5,6,5,5,Cool
MST-9/0514_0_0_0_05.jpg,5,Low,5,Cool,5,5,5,6,5,5,Cool
MST-9/0514_0_0_0_06.jpg,5,Low,5,Cool,5,5,5,5,5,5,Cool
MST-9/0514_0_0_0_07.jpg,5,Low,5,Cool,5,5,5,5,5,5,Cool
MST-9/0514_0_0_0_08.jpg,5,Low,5,Cool,5,5,5,6,5,5,Cool
MST-9/0576_0_0_0_01.jpg,5,Low,5,Neutral,5,5,5,5,5,5,Cool
MST-9/0576_0_0_0_02.jpg,5,Medium,5,Cool,6,6,6,5,6,5,Cool
MST-9/0576_0_0_0_03.jpg,5,Medium,5,Cool,6,5,6,5,6,5,Cool
MST-9/0576_0_0_0_04.jpg,5,Medium,5,Cool,5,6,6,5,6,5,Cool
MST-9/0576_0_0_0_05.jpg,5,Medium,5,Cool,6,6,5,5,4,5,Cool
MST-9/0665_0_0_0_01.jpg,5,Low,5,Neutral,4,5,5,4,5,5,Cool
MST-9/0665_0_0_0_02.jpg,5,Medium,5,Cool,6,5,6,5,4,5,Cool
MST-9/0665_0_0_0_03.jpg,5,Low,5,Neutral,4,5,5,4,5,5,Cool
MST-9/0665_0_0_0_04.jpg,5,Low,5,Neutral,4,5,5,4,5,5,Cool
MST-9/0665_0_0_0_05.jpg,5,Low,5,Neutral,4,5,5,4,5,5,Cool
MST-9/0729_0_0_0_01.jpg,5,Low,5,Cool,5,5,6,5,5,5,Cool
MST-9/0729_0_0_0_02.jpg,5,Medium,5,Cool,4,5,6,6,6,5,Cool
MST-9/0729_0_0_0_03.jpg,5,Low,5,Cool,4,5,6,4,5,4,Cool
MST-9/0729_0_0_0_04.jpg,5,Low,5,Cool,4,5,6,5,5,4,Cool
MST-9/0729_0_0_0_05.jpg,5,Low,5,Cool,4,5,6,5,5,5,Cool
MST-9/0729_0_0_0_06.jpg,5,Low,5,Cool,5,5,6,5,5,5,Cool
MST-9/0729_0_0_0_07.jpg,5,Medium,5,Cool,4,6,5,6,6,5,Cool
MST-9/0729_0_0_0_08.jpg,5,Medium,5,Cool,4,6,6,6,6,5,Cool
MST-9/0729_0_0_0_09.jpg,5,Medium,5,Cool,4,6,5,6,6,5,Cool
MST-9/0729_0_0_0_10.jpg,5,Medium,5,Cool,4,6,6,6,6,5,Cool
MST-9/0761_0_0_0_01.jpg,5,Low,5,Cool,5,5,6,5,5,5,Cool
MST-9/0761_0_0_0_02.jpg,5,Medium,4,Cool,6,4,5,4,3,4,Cool
MST-9/0761_0_0_0_03.jpg,5,Low,5,Cool,6,6,5,4,6,6,Cool
MST-9/0761_0_0_0_04.jpg,5,Low,5,Cool,5,5,6,5,5,4,Cool
MST-9/0761_0_0_0_05.jpg,5,Low,5,Cool,5,5,6,4,5,4,Cool
MST-9/0761_0_0_0_06.jpg,5,Low,4,Cool,5,4,6,5,5,4,Cool
MST-9/0761_0_0_0_07.jpg,5,Low,5,Cool,5,5,6,5,5,5,Cool
MST-9/0761_0_0_0_08.jpg,5,Medium,5,Cool,6,6,5,4,3,4,Cool
MST-9/0761_0_0_0_09.jpg,5,Medium,5,Cool,6,6,5,4,4,4,Cool
MST-9/0761_0_0_0_10.jpg,5,Medium,5,Cool,6,4,5,4,3,4,Cool
MST-9/0885_0_0_0_01.jpg,5,Medium,5,Cool,6,6,6,6,6,6,Warm
MST-9/0885_0_0_0_02.jpg,5,High,5,Cool,6,6,6,6,6,6,Cool
MST-9/0885_0_0_0_03.jpg,5,Low,5,Cool,6,6,6,6,6,6,Cool
MST-9/0885_0_0_0_04.jpg,5,Medium,5,Cool,6,6,6,6,6,6,Warm
MST-9/0885_0_0_0_05.jpg,5,Medium,5,Cool,6,6,6,6,6,6,Warm
MST-9/0885_0_0_0_06.jpg,5,Medium,5,Cool,6,6,6,6,6,6,Warm
MST-9/0885_0_0_0_07.jpg,5,Medium,5,Cool,6,6,6,6,6,6,Warm
MST-9/0885_0_0_0_08.jpg,5,Medium,5,Cool,6,6,6,6,6,6,Warm
MST-9/0885_0_0_0_09.jpg,5,Medium,5,Cool,6,6,6,6,6,6,Warm
MST-9/0885_0_0_0_10.jpg,5,Medium,5,Cool,6,6,6,6,6,5,Warm
MST-9/0885_0_0_0_11.jpg,5,High,5,Cool,6,6,6,6,6,6,Cool
MST-9/0885_0_0_0_12.jpg,5,Low,5,Neutral,6,6,6,6,4,5,Cool
MST-9/0885_0_0_0_13.jpg,5,Low,5,Cool,6,6,6,6,5,5,Cool
MST-9/0885_0_0_0_14.jpg,5,Low,5,Neutral,6,6,6,6,4,5,Cool
MST-9/0885_0_0_0_15.jpg,5,Low,5,Neutral,6,6,6,6,6,5,Neutral
MST-9/0885_0_0_0_16.jpg,5,Low,5,Cool,6,6,6,6,6,5,Cool
MST-9/0885_0_2_0_03.jpg,5,High,5,Cool,6,4,6,6,6,6,Cool
MST-9/0885_0_2_0_12.jpg,5,High,5,Cool,6,4,6,6,6,6,Cool
MST-9/0885_0_2_0_13.jpg,5,High,5,Cool,6,5,5,6,6,6,Cool
MST-9/0885_0_2_0_14.jpg,5,High,5,Cool,6,5,6,6,6,6,Cool
MST-9/0885_0_2_0_15.jpg,5,High,5,Cool,6,6,6,6,6,6,Cool
MST-9/0885_0_2_0_16.jpg,5,High,5,Cool,6,6,6,6,6,6,Cool
MST-9/0947_0_0_0_01.jpg,5,Low,5,Cool,6,5,5,5,6,5,Cool
MST-9/0947_0_0_0_02.jpg,5,Low,5,Cool,6,5,5,5,5,5,Cool
MST-9/0947_0_0_0_03.jpg,5,Low,5,Cool,6,5,6,5,6,5,Cool
MST-9/0947_0_0_0_04.jpg,5,Low,5,Cool,6,5,6,5,5,5,Cool
MST-9/0947_0_0_0_05.jpg,5,Low,5,Cool,5,5,6,5,5,5,Cool
MST-9/0947_0_0_0_06.jpg,5,Low,5,Cool,6,5,6,5,6,5,Cool
MST-9/0947_0_0_0_07.jpg,5,Low,5,Cool,5,5,6,5,6,5,Cool
MST-9/0947_0_0_0_08.jpg,5,Low,5,Cool,5,5,6,5,6,5,Cool
MST-9/0952_0_0_0_01.jpg,5,Medium,5,Cool,6,6,5,5,5,5,Cool
MST-9/0952_0_0_0_02.jpg,5,Medium,5,Cool,6,6,5,5,5,5,Cool
MST-9/0952_0_0_0_03.jpg,5,Medium,5,Cool,6,6,6,5,4,5,Cool
MST-9/0952_0_0_0_04.jpg,5,Medium,5,Cool,6,5,6,5,4,5,Cool
MST-9/0952_0_0_0_05.jpg,5,Medium,5,Cool,6,6,5,5,4,5,Cool
MST-9/0952_0_0_0_06.jpg,5,Medium,5,Cool,6,6,4,5,4,5,Cool
MST-9/0952_0_0_0_07.jpg,5,Medium,5,Cool,6,6,5,5,5,5,Cool
MST-9/0952_0_0_0_08.jpg,5,Medium,5,Cool,6,6,5,5,4,5,Cool
MST-9/0964_0_0_0_01.jpg,5,Medium,5,Cool,4,6,6,4,5,5,Cool
MST-9/0964_0_0_0_02.jpg,5,Medium,5,Cool,5,5,5,5,5,5,Cool
MST-9/0964_0_0_0_03.jpg,5,Low,5,Cool,5,6,6,5,6,6,Cool
MST-9/0964_0_0_0_04.jpg,5,Medium,5,Cool,4,6,6,5,5,5,Cool
MST-9/0964_0_0_0_05.jpg,5,Low,5,Cool,5,6,6,5,6,5,Cool
MST-9/0964_0_0_0_06.jpg,5,Low,5,Cool,5,6,6,5,6,6,Cool
MST-9/0964_0_0_0_07.jpg,5,Low,5,Cool,5,6,6,5,6,5,Warm
MST-9/0964_0_0_0_08.jpg,5,Low,5,Cool,5,6,6,5,6,5,Warm
MST-9/0964_0_0_0_09.jpg,5,Medium,5,Cool,4,5,6,4,6,5,Cool
MST-9/0964_0_0_0_10.jpg,5,Low,5,Cool,5,6,6,5,6,6,Cool
MST-9/0964_0_0_0_11.jpg,5,Medium,5,Cool,5,6,6,4,6,5,Cool
MST-9/0964_0_0_0_12.jpg,5,Medium,5,Cool,4,5,5,4,5,5,Cool
MST-9/0964_0_0_0_13.jpg,5,Medium,5,Cool,4,5,5,5,6,5,Cool
MST-9/0964_0_0_0_14.jpg,5,Medium,5,Cool,4,5,5,4,6,5,Cool
MST-9/0964_0_0_0_15.jpg,5,Medium,5,Cool,4,5,5,4,5,5,Cool
MST-9/0964_0_0_0_16.jpg,5,Medium,5,Cool,4,5,5,5,5,5,Cool
MST-9/0964_0_0_0_17.jpg,5,Medium,5,Cool,4,5,5,5,6,5,Cool
MST-9/0964_0_0_0_18.jpg,5,Medium,5,Cool,4,5,5,4,5,5,Cool
MST-9/0964_0_0_0_19.jpg,5,Medium,5,Cool,4,5,5,4,5,5,Cool
MST-9/0964_0_0_0_20.jpg,5,Medium,5,Cool,4,5,5,5,6,5,Cool
MST-9/0975_0_0_0_01.jpg,5,Low,5,Cool,6,6,6,6,6,5,Warm
MST-9/0975_0_0_0_02.jpg,5,High,5,Cool,6,5,5,4,1,5,Cool
MST-9/0975_0_0_0_03.jpg,5,Low,5,Cool,5,6,6,5,5,5,Cool
MST-9/0975_0_0_0_04.jpg,5,Medium,5,Cool,5,6,6,6,4,5,Cool
MST-9/0975_0_0_0_05.jpg,5,Medium,5,Cool,4,4,6,4,4,4,Cool
MST-9/0975_0_0_0_06.jpg,5,Low,5,Cool,6,5,6,5,5,5,Cool
MST-9/0975_0_0_0_07.jpg,5,Medium,5,Cool,5,4,6,5,4,5,Cool
MST-9/0975_0_0_0_08.jpg,5,Medium,5,Cool,4,4,6,5,4,5,Cool
MST-9/0975_0_0_0_09.jpg,5,High,5,Cool,4,6,5,6,4,4,Cool
MST-9/0975_0_0_0_10.jpg,5,High,5,Cool,4,6,5,6,4,5,Cool
MST-9/0975_0_0_0_11.jpg,5,Low,5,Cool,5,6,6,6,5,5,Cool
MST-9/0975_0_0_0_12.jpg,5,Low,5,Cool,5,6,6,6,6,5,Cool
MST-9/0975_0_0_0_13.jpg,5,Low,5,Cool,5,6,6,6,5,5,Cool
MST-9/0975_0_0_0_14.jpg,5,Medium,5,Cool,4,5,6,6,4,5,Cool
MST-9/0975_0_0_0_15.jpg,5,Low,5,Cool,5,6,6,6,6,5,Cool
MST-9/0975_0_0_0_16.jpg,5,Medium,5,Cool,5,4,6,4,4,5,Cool
MST-9/0975_0_0_0_17.jpg,5,Medium,5,Cool,5,6,6,6,3,5,Cool
MST-9/0975_0_0_0_18.jpg,5,Medium,5,Cool,4,6,6,4,4,5,Cool
MST-9/0975_0_0_0_19.jpg,5,Medium,5,Cool,5,4,4,6,4,5,Cool
MST-9/0975_0_0_0_20.jpg,5,Medium,5,Cool,5,4,4,6,4,5,Cool
MST-9/0975_0_0_0_21.jpg,5,Medium,5,Cool,4,5,4,6,3,5,Cool
MST-9/0975_0_0_0_22.jpg,5,Medium,5,Cool,5,5,4,6,4,5,Cool
MST-9/0975_0_0_0_23.jpg,5,Medium,5,Cool,5,5,6,6,4,5,Cool
MST-9/0975_0_0_0_24.jpg,5,Medium,5,Cool,6,5,4,6,3,5,Cool
MST-9/0975_0_0_0_25.jpg,5,Medium,5,Cool,5,4,4,6,4,5,Cool
MST-9/0975_0_0_0_26.jpg,5,Medium,5,Cool,6,4,4,6,4,5,Cool
MST-9/0975_0_2_0_04.jpg,5,High,5,Cool,5,4,6,4,4,4,Warm
MST-9/0975_0_2_0_05.jpg,5,High,5,Cool,5,6,6,6,4,5,Cool
MST-9/0975_0_2_0_07.jpg,5,High,5,Cool,5,4,6,6,4,4,Cool
MST-9/0975_0_2_0_14.jpg,5,High,5,Cool,4,6,6,6,4,4,Warm
MST-9/0975_0_2_0_16.jpg,5,High,5,Cool,5,4,6,6,4,4,Cool
MST-9/0986_0_0_0_01.jpg,5,Low,5,Cool,4,6,6,5,5,5,Cool
MST-9/0986_0_0_0_02.jpg,5,Medium,5,Neutral,4,6,6,4,5,5,Cool
MST-9/0986_0_0_0_03.jpg,5,Low,5,Cool,5,5,5,5,5,5,Cool
MST-9/0986_0_0_0_04.jpg,5,High,5,Cool,4,4,5,4,4,5,Cool
MST-9/0986_0_0_0_05.jpg,5,Low,5,Cool,5,5,6,6,5,5,Cool
MST-9/0986_0_0_0_06.jpg,5,Medium,5,Cool,4,6,6,4,4,5,Cool
MST-9/0986_0_0_0_07.jpg,5,Medium,5,Cool,4,6,6,4,4,5,Cool
MST-9/0986_0_0_0_08.jpg,5,Medium,5,Cool,4,6,6,3,4,5,Cool
MST-9/0986_0_0_0_09.jpg,5,Medium,5,Cool,4,6,6,3,4,5,Cool
MST-9/0986_0_0_0_10.jpg,5,Low,5,Cool,5,5,6,5,6,5,Cool
MST-9/0986_0_0_0_11.jpg,5,Low,5,Cool,5,3,4,5,5,5,Cool
MST-9/0986_0_0_0_12.jpg,5,Low,5,Cool,5,5,6,5,5,5,Cool
MST-9/0986_0_0_0_13.jpg,5,Low,5,Cool,5,5,6,5,5,5,Cool
MST-9/0986_0_0_0_14.jpg,5,Medium,5,Warm,4,6,4,4,4,5,Cool
MST-9/0986_0_0_0_15.jpg,5,Medium,5,Warm,4,6,4,4,4,5,Cool
MST-9/0986_0_0_0_16.jpg,5,Medium,5,Warm,5,6,4,4,3,5,Cool
MST-9/0986_0_0_0_17.jpg,5,Medium,5,Warm,4,6,4,4,4,5,Cool
MST-9/0986_0_0_0_18.jpg,5,Medium,5,Warm,4,6,4,4,4,5,Cool
MST-9/0986_0_0_0_19.jpg,5,Medium,5,Warm,4,6,4,4,4,5,Cool
MST-9/0986_0_0_0_20.jpg,5,Medium,5,Warm,4,6,4,4,4,5,Cool
MST-9/0986_0_2_0_02.jpg,5,High,5,Cool,5,6,5,4,4,4,Cool
MST-9/0986_0_2_0_14.jpg,5,High,5,Cool,4,4,6,5,4,4,Cool
MST-9/1008_0_0_0_01.jpg,5,Low,5,Cool,6,6,6,6,6,5,Warm
MST-9/1008_0_0_0_02.jpg,5,Low,5,Cool,6,6,6,4,6,5,Cool
MST-9/1008_0_0_0_03.jpg,5,Medium,5,Cool,5,4,4,4,4,5,Cool
MST-9/1008_0_0_0_04.jpg,5,Medium,5,Cool,4,6,6,4,5,5,Cool
MST-9/1008_0_0_0_05.jpg,5,Low,5,Cool,4,6,6,4,5,5,Cool
MST-9/1008_0_0_0_06.jpg,5,Medium,5,Cool,5,5,5,5,5,5,Cool
MST-9/1008_0_0_0_07.jpg,5,Low,5,Cool,6,6,6,4,5,5,Cool
MST-9/1008_0_0_0_08.jpg,5,Low,5,Cool,6,6,6,6,6,5,Warm
MST-9/1008_0_0_0_09.jpg,5,Low,5,Cool,5,6,6,6,6,5,Cool
MST-9/1008_0_0_0_10.jpg,5,Low,5,Cool,6,6,6,6,6,5,Warm
MST-9/1008_0_0_0_11.jpg,5,Low,5,Cool,6,6,6,6,6,5,Warm
MST-9/1008_0_0_0_12.jpg,5,Low,5,Cool,6,6,6,6,6,5,Warm
MST-9/1008_0_0_0_13.jpg,5,Low,5,Cool,6,6,6,4,5,5,Cool
MST-9/1008_0_0_0_14.jpg,5,Low,5,Cool,5,4,6,6,6,5,Cool
MST-9/1008_0_0_0_15.jpg,5,Low,5,Cool,5,6,6,6,6,5,Cool
MST-9/1008_0_0_0_16.jpg,5,Medium,5,Cool,5,6,4,4,3,5,Cool
MST-9/1008_0_0_0_17.jpg,5,Medium,5,Cool,5,4,4,4,4,5,Cool
MST-9/1008_0_0_0_18.jpg,5,Medium,5,Cool,5,4,4,4,4,5,Cool
MST-9/1008_0_0_0_19.jpg,5,Medium,5,Cool,5,4,4,4,4,5,Cool
MST-9/1008_0_0_0_20.jpg,5,Medium,5,Cool,4,4,4,4,4,5,Cool
MST-9/1008_0_0_0_21.jpg,5,Medium,5,Cool,5,4,4,4,4,5,Cool
MST-9/1008_0_0_0_22.jpg,5,Medium,5,Cool,4,4,4,4,5,5,Cool
MST-9/1008_0_0_0_23.jpg,5,Medium,5,Cool,5,5,5,5,5,5,Cool
MST-9/1008_0_0_0_24.jpg,5,Medium,5,Cool,5,4,4,4,4,5,Cool
MST-9/1008_0_0_0_25.jpg,5,Medium,5,Cool,5,4,4,4,4,5,Cool
MST-9/1071_0_0_0_01.jpg,5,Low,5,Cool,5,5,5,5,5,5,Cool
MST-9/1071_0_0_0_02.jpg,5,Low,5,Neutral,5,5,5,5,5,5,Cool
MST-9/1071_0_0_0_03.jpg,5,Low,5,Cool,5,5,5,5,5,5,Cool
MST-9/1071_0_0_0_04.jpg,5,Low,5,Cool,5,5,5,5,5,5,Cool
MST-9/1071_0_0_0_05.jpg,5,Low,5,Cool,5,5,5,5,5,5,Cool
MST-9/1071_0_0_0_06.jpg,5,Low,5,Cool,5,5,5,5,5,5,Cool
MST-9/1071_0_0_0_07.jpg,5,Low,5,Cool,5,5,5,5,5,5,Cool
MST-9/1071_0_0_0_08.jpg,5,Low,5,Neutral,5,5,5,5,5,5,Cool
MST-9/1071_0_0_0_09.jpg,5,Low,5,Neutral,5,5,5,5,5,5,Cool
MST-9/1071_0_0_0_10.jpg,5,Low,5,Cool,5,5,5,5,5,5,Cool
MST-9/1071_0_0_0_11.jpg,5,Low,5,Cool,5,5,5,6,5,5,Cool
MST-9/1071_0_0_0_12.jpg,5,Low,5,Cool,5,5,5,5,5,5,Cool
MST-9/1071_0_0_0_13.jpg,5,Low,5,Neutral,5,5,5,5,5,5,Cool
MST-9/1071_0_0_0_14.jpg,5,Low,5,Cool,5,5,5,6,5,5,Cool
MST-9/1071_0_0_0_15.jpg,5,Low,5,Cool,5,5,5,6,5,5,Cool
MST-9/1071_0_0_0_16.jpg,5,Medium,5,Cool,5,6,5,6,6,5,Cool
MST-9/1076_0_0_0_01.jpg,5,Low,5,Cool,5,5,6,6,1,5,Cool
MST-9/1076_0_0_0_02.jpg,5,Low,5,Cool,6,6,6,6,5,5,Cool
MST-9/1076_0_0_0_03.jpg,5,Low,5,Cool,6,5,3,5,1,5,Cool
MST-9/1076_0_0_0_04.jpg,5,Low,5,Cool,5,5,5,4,6,5,Cool
MST-9/1076_0_0_0_05.jpg,5,Low,5,Cool,5,6,6,6,5,6,Cool
MST-9/1076_0_0_0_06.jpg,5,Low,5,Cool,6,6,6,5,6,5,Cool
MST-9/1076_0_0_0_07.jpg,5,Low,5,Cool,5,5,6,6,6,5,Cool
MST-9/1076_0_0_0_08.jpg,5,Low,5,Cool,5,6,6,5,1,5,Cool
MST-9/1076_0_0_0_09.jpg,5,Low,5,Cool,6,6,3,5,1,5,Cool
MST-9/1076_0_0_0_10.jpg,5,Low,5,Cool,6,5,6,5,5,4,Cool
